2026-07-25 20:45:23 | INFO     | root | logging_config.py:44 | Logging system initialized
2026-07-25 20:45:23 | INFO     | sqlalchemy.engine.Engine | base.py:1848 | SELECT DATABASE()
2026-07-25 20:45:23 | INFO     | sqlalchemy.engine.Engine | base.py:1848 | [raw sql] {}
2026-07-25 20:45:23 | INFO     | sqlalchemy.engine.Engine | base.py:1848 | SELECT @@sql_mode
2026-07-25 20:45:23 | INFO     | sqlalchemy.engine.Engine | base.py:1848 | [raw sql] {}
2026-07-25 20:45:23 | INFO     | sqlalchemy.engine.Engine | base.py:1848 | SELECT @@lower_case_table_names
2026-07-25 20:45:23 | INFO     | sqlalchemy.engine.Engine | base.py:1848 | [raw sql] {}
2026-07-25 20:45:24 | INFO     | sqlalchemy.engine.Engine | base.py:2712 | BEGIN (implicit)
2026-07-25 20:45:24 | INFO     | sqlalchemy.engine.Engine | base.py:1848 | DESCRIBE `product_db`.`Products`
2026-07-25 20:45:24 | INFO     | sqlalchemy.engine.Engine | base.py:1848 | [raw sql] {}
2026-07-25 20:45:24 | INFO     | sqlalchemy.engine.Engine | base.py:2718 | COMMIT
2026-07-25 20:46:12 | INFO     | app.services.product_service | product_service.py:27 | Creating product
2026-07-25 20:46:12 | INFO     | app.repositories.product_repository | product_repository.py:45 | Creating new product
2026-07-25 20:46:12 | DEBUG    | app.repositories.product_repository | product_repository.py:47 | Product Data -> Name: mouse32, Price: 399, Quantity: 34
2026-07-25 20:46:12 | INFO     | sqlalchemy.engine.Engine | base.py:2712 | BEGIN (implicit)
2026-07-25 20:46:12 | INFO     | sqlalchemy.engine.Engine | base.py:1848 | INSERT INTO `Products` (name, price, quantity) VALUES (%(name)s, %(price)s, %(quantity)s)
2026-07-25 20:46:12 | INFO     | sqlalchemy.engine.Engine | base.py:1848 | [generated in 0.00165s] {'name': 'mouse32', 'price': Decimal('399'), 'quantity': 34}
2026-07-25 20:46:12 | INFO     | sqlalchemy.engine.Engine | base.py:2718 | COMMIT
2026-07-25 20:46:12 | INFO     | sqlalchemy.engine.Engine | base.py:2712 | BEGIN (implicit)
2026-07-25 20:46:12 | INFO     | sqlalchemy.engine.Engine | base.py:1848 | SELECT `Products`.id, `Products`.name, `Products`.price, `Products`.quantity 
FROM `Products` 
WHERE `Products`.id = %(pk_1)s
2026-07-25 20:46:12 | INFO     | sqlalchemy.engine.Engine | base.py:1848 | [generated in 0.00151s] {'pk_1': 2}
2026-07-25 20:46:12 | INFO     | app.repositories.product_repository | product_repository.py:59 | Product created successfully with ID 2
2026-07-25 20:46:12 | INFO     | app.services.product_service | product_service.py:31 | Product created successfully
2026-07-25 20:46:13 | INFO     | sqlalchemy.engine.Engine | base.py:2715 | ROLLBACK
2026-07-25 20:46:54 | INFO     | app.services.product_service | product_service.py:15 | Getting all products
2026-07-25 20:46:54 | INFO     | app.repositories.product_repository | product_repository.py:21 | Fetching all products from database
2026-07-25 20:46:54 | INFO     | sqlalchemy.engine.Engine | base.py:2712 | BEGIN (implicit)
2026-07-25 20:46:54 | INFO     | sqlalchemy.engine.Engine | base.py:1848 | SELECT `Products`.id, `Products`.name, `Products`.price, `Products`.quantity 
FROM `Products`
2026-07-25 20:46:54 | INFO     | sqlalchemy.engine.Engine | base.py:1848 | [generated in 0.00039s] {}
2026-07-25 20:46:54 | INFO     | app.services.product_service | product_service.py:17 | Product retrieved successfully
2026-07-25 20:46:54 | INFO     | sqlalchemy.engine.Engine | base.py:2715 | ROLLBACK
2026-07-25 20:49:09 | INFO     | app.services.product_service | product_service.py:21 | Getting product with ID 7
2026-07-25 20:49:09 | INFO     | app.repositories.product_repository | product_repository.py:28 | Fetching product with ID 7
2026-07-25 20:49:09 | INFO     | sqlalchemy.engine.Engine | base.py:2712 | BEGIN (implicit)
2026-07-25 20:49:09 | INFO     | sqlalchemy.engine.Engine | base.py:1848 | SELECT `Products`.id, `Products`.name, `Products`.price, `Products`.quantity 
FROM `Products` 
WHERE `Products`.id = %(id_1)s
2026-07-25 20:49:09 | INFO     | sqlalchemy.engine.Engine | base.py:1848 | [generated in 0.00081s] {'id_1': 7}
2026-07-25 20:49:09 | WARNING  | app.repositories.product_repository | product_repository.py:34 | Product not found with ID 7
2026-07-25 20:49:09 | INFO     | sqlalchemy.engine.Engine | base.py:2715 | ROLLBACK
2026-07-25 20:49:43 | INFO     | app.services.product_service | product_service.py:21 | Getting product with ID 1
2026-07-25 20:49:43 | INFO     | app.repositories.product_repository | product_repository.py:28 | Fetching product with ID 1
2026-07-25 20:49:43 | INFO     | sqlalchemy.engine.Engine | base.py:2712 | BEGIN (implicit)
2026-07-25 20:49:43 | INFO     | sqlalchemy.engine.Engine | base.py:1848 | SELECT `Products`.id, `Products`.name, `Products`.price, `Products`.quantity 
FROM `Products` 
WHERE `Products`.id = %(id_1)s
2026-07-25 20:49:43 | INFO     | sqlalchemy.engine.Engine | base.py:1848 | [cached since 34.49s ago] {'id_1': 1}
2026-07-25 20:49:43 | INFO     | app.repositories.product_repository | product_repository.py:37 | Product found with ID 1
2026-07-25 20:49:43 | INFO     | app.services.product_service | product_service.py:23 | Getting product with ID 1 successfully
2026-07-25 20:49:43 | INFO     | sqlalchemy.engine.Engine | base.py:2715 | ROLLBACK
2026-07-25 20:50:25 | INFO     | root | logging_config.py:44 | Logging system initialized
2026-07-25 20:50:25 | INFO     | sqlalchemy.engine.Engine | base.py:1848 | SELECT DATABASE()
2026-07-25 20:50:25 | INFO     | sqlalchemy.engine.Engine | base.py:1848 | [raw sql] {}
2026-07-25 20:50:25 | INFO     | sqlalchemy.engine.Engine | base.py:1848 | SELECT @@sql_mode
2026-07-25 20:50:25 | INFO     | sqlalchemy.engine.Engine | base.py:1848 | [raw sql] {}
2026-07-25 20:50:25 | INFO     | sqlalchemy.engine.Engine | base.py:1848 | SELECT @@lower_case_table_names
2026-07-25 20:50:25 | INFO     | sqlalchemy.engine.Engine | base.py:1848 | [raw sql] {}
2026-07-25 20:50:25 | INFO     | sqlalchemy.engine.Engine | base.py:2712 | BEGIN (implicit)
2026-07-25 20:50:25 | INFO     | sqlalchemy.engine.Engine | base.py:1848 | DESCRIBE `product_db`.`Products`
2026-07-25 20:50:25 | INFO     | sqlalchemy.engine.Engine | base.py:1848 | [raw sql] {}
2026-07-25 20:50:25 | INFO     | sqlalchemy.engine.Engine | base.py:2718 | COMMIT
2026-07-25 20:50:27 | INFO     | root | logging_config.py:44 | Logging system initialized
2026-07-25 20:50:27 | INFO     | sqlalchemy.engine.Engine | base.py:1848 | SELECT DATABASE()
2026-07-25 20:50:27 | INFO     | sqlalchemy.engine.Engine | base.py:1848 | [raw sql] {}
2026-07-25 20:50:27 | INFO     | sqlalchemy.engine.Engine | base.py:1848 | SELECT @@sql_mode
2026-07-25 20:50:27 | INFO     | sqlalchemy.engine.Engine | base.py:1848 | [raw sql] {}
2026-07-25 20:50:27 | INFO     | sqlalchemy.engine.Engine | base.py:1848 | SELECT @@lower_case_table_names
2026-07-25 20:50:27 | INFO     | sqlalchemy.engine.Engine | base.py:1848 | [raw sql] {}
2026-07-25 20:50:27 | INFO     | sqlalchemy.engine.Engine | base.py:2712 | BEGIN (implicit)
2026-07-25 20:50:27 | INFO     | sqlalchemy.engine.Engine | base.py:1848 | DESCRIBE `product_db`.`Products`
2026-07-25 20:50:27 | INFO     | sqlalchemy.engine.Engine | base.py:1848 | [raw sql] {}
2026-07-25 20:50:27 | INFO     | sqlalchemy.engine.Engine | base.py:2718 | COMMIT
2026-07-25 20:50:30 | INFO     | root | logging_config.py:44 | Logging system initialized
2026-07-25 20:50:31 | INFO     | sqlalchemy.engine.Engine | base.py:1848 | SELECT DATABASE()
2026-07-25 20:50:31 | INFO     | sqlalchemy.engine.Engine | base.py:1848 | [raw sql] {}
2026-07-25 20:50:31 | INFO     | sqlalchemy.engine.Engine | base.py:1848 | SELECT @@sql_mode
2026-07-25 20:50:31 | INFO     | sqlalchemy.engine.Engine | base.py:1848 | [raw sql] {}
2026-07-25 20:50:31 | INFO     | sqlalchemy.engine.Engine | base.py:1848 | SELECT @@lower_case_table_names
2026-07-25 20:50:31 | INFO     | sqlalchemy.engine.Engine | base.py:1848 | [raw sql] {}
2026-07-25 20:50:31 | INFO     | sqlalchemy.engine.Engine | base.py:2712 | BEGIN (implicit)
2026-07-25 20:50:31 | INFO     | sqlalchemy.engine.Engine | base.py:1848 | DESCRIBE `product_db`.`Products`
2026-07-25 20:50:31 | INFO     | sqlalchemy.engine.Engine | base.py:1848 | [raw sql] {}
2026-07-25 20:50:31 | INFO     | sqlalchemy.engine.Engine | base.py:2718 | COMMIT
2026-07-25 20:50:34 | INFO     | app.services.product_service | product_service.py:15 | Getting all products
2026-07-25 20:50:34 | ERROR    | app.handlers.global_handler | global_handler.py:10 | Unexpected error occurred
Traceback (most recent call last):
  File "C:\Users\Akhilesh\Vikas_Computer_Science\software-engineering-journey\backend_engineering_projects\projects\inventory-order-management-api\venv\Lib\site-packages\starlette\middleware\errors.py", line 164, in __call__
    await self.app(scope, receive, _send)
  File "C:\Users\Akhilesh\Vikas_Computer_Science\software-engineering-journey\backend_engineering_projects\projects\inventory-order-management-api\venv\Lib\site-packages\starlette\middleware\exceptions.py", line 63, in __call__
    await wrap_app_handling_exceptions(self.app, conn)(scope, receive, send)
  File "C:\Users\Akhilesh\Vikas_Computer_Science\software-engineering-journey\backend_engineering_projects\projects\inventory-order-management-api\venv\Lib\site-packages\starlette\_exception_handler.py", line 53, in wrapped_app
    raise exc
  File "C:\Users\Akhilesh\Vikas_Computer_Science\software-engineering-journey\backend_engineering_projects\projects\inventory-order-management-api\venv\Lib\site-packages\starlette\_exception_handler.py", line 42, in wrapped_app
    await app(scope, receive, sender)
  File "C:\Users\Akhilesh\Vikas_Computer_Science\software-engineering-journey\backend_engineering_projects\projects\inventory-order-management-api\venv\Lib\site-packages\fastapi\middleware\asyncexitstack.py", line 18, in __call__
    await self.app(scope, receive, send)
  File "C:\Users\Akhilesh\Vikas_Computer_Science\software-engineering-journey\backend_engineering_projects\projects\inventory-order-management-api\venv\Lib\site-packages\starlette\routing.py", line 660, in __call__
    await self.middleware_stack(scope, receive, send)
  File "C:\Users\Akhilesh\Vikas_Computer_Science\software-engineering-journey\backend_engineering_projects\projects\inventory-order-management-api\venv\Lib\site-packages\fastapi\routing.py", line 2683, in app
    await route.handle(scope, receive, send)
  File "C:\Users\Akhilesh\Vikas_Computer_Science\software-engineering-journey\backend_engineering_projects\projects\inventory-order-management-api\venv\Lib\site-packages\fastapi\routing.py", line 1753, in handle
    await self.original_router.handle(scope, receive, send)
  File "C:\Users\Akhilesh\Vikas_Computer_Science\software-engineering-journey\backend_engineering_projects\projects\inventory-order-management-api\venv\Lib\site-packages\fastapi\routing.py", line 2738, in handle
    await included_router._handle_selected(scope, receive, send)
  File "C:\Users\Akhilesh\Vikas_Computer_Science\software-engineering-journey\backend_engineering_projects\projects\inventory-order-management-api\venv\Lib\site-packages\fastapi\routing.py", line 1773, in _handle_selected
    await original_route.handle(scope, receive, send)
  File "C:\Users\Akhilesh\Vikas_Computer_Science\software-engineering-journey\backend_engineering_projects\projects\inventory-order-management-api\venv\Lib\site-packages\fastapi\routing.py", line 1264, in handle
    await app(scope, receive, send)
  File "C:\Users\Akhilesh\Vikas_Computer_Science\software-engineering-journey\backend_engineering_projects\projects\inventory-order-management-api\venv\Lib\site-packages\fastapi\routing.py", line 150, in app
    await wrap_app_handling_exceptions(app, request)(scope, receive, send)
  File "C:\Users\Akhilesh\Vikas_Computer_Science\software-engineering-journey\backend_engineering_projects\projects\inventory-order-management-api\venv\Lib\site-packages\starlette\_exception_handler.py", line 53, in wrapped_app
    raise exc
  File "C:\Users\Akhilesh\Vikas_Computer_Science\software-engineering-journey\backend_engineering_projects\projects\inventory-order-management-api\venv\Lib\site-packages\starlette\_exception_handler.py", line 42, in wrapped_app
    await app(scope, receive, sender)
  File "C:\Users\Akhilesh\Vikas_Computer_Science\software-engineering-journey\backend_engineering_projects\projects\inventory-order-management-api\venv\Lib\site-packages\fastapi\routing.py", line 136, in app
    response = await f(request)
               ^^^^^^^^^^^^^^^^
  File "C:\Users\Akhilesh\Vikas_Computer_Science\software-engineering-journey\backend_engineering_projects\projects\inventory-order-management-api\venv\Lib\site-packages\fastapi\routing.py", line 690, in app
    raw_response = await run_endpoint_function(
                   ^^^^^^^^^^^^^^^^^^^^^^^^^^^^
    ...<3 lines>...
    )
    ^
  File "C:\Users\Akhilesh\Vikas_Computer_Science\software-engineering-journey\backend_engineering_projects\projects\inventory-order-management-api\venv\Lib\site-packages\fastapi\routing.py", line 346, in run_endpoint_function
    return await run_in_threadpool(dependant.call, **values)
           ^^^^^^^^^^^^^^^^^^^^^^^^^^^^^^^^^^^^^^^^^^^^^^^^^
  File "C:\Users\Akhilesh\Vikas_Computer_Science\software-engineering-journey\backend_engineering_projects\projects\inventory-order-management-api\venv\Lib\site-packages\starlette\concurrency.py", line 34, in run_in_threadpool
    return await anyio.to_thread.run_sync(func)
           ^^^^^^^^^^^^^^^^^^^^^^^^^^^^^^^^^^^^
  File "C:\Users\Akhilesh\Vikas_Computer_Science\software-engineering-journey\backend_engineering_projects\projects\inventory-order-management-api\venv\Lib\site-packages\anyio\to_thread.py", line 63, in run_sync
    return await get_async_backend().run_sync_in_worker_thread(
           ^^^^^^^^^^^^^^^^^^^^^^^^^^^^^^^^^^^^^^^^^^^^^^^^^^^^
        func, args, abandon_on_cancel=abandon_on_cancel, limiter=limiter
        ^^^^^^^^^^^^^^^^^^^^^^^^^^^^^^^^^^^^^^^^^^^^^^^^^^^^^^^^^^^^^^^^
    )
    ^
  File "C:\Users\Akhilesh\Vikas_Computer_Science\software-engineering-journey\backend_engineering_projects\projects\inventory-order-management-api\venv\Lib\site-packages\anyio\_backends\_asyncio.py", line 2596, in run_sync_in_worker_thread
    return await future
           ^^^^^^^^^^^^
  File "C:\Users\Akhilesh\Vikas_Computer_Science\software-engineering-journey\backend_engineering_projects\projects\inventory-order-management-api\venv\Lib\site-packages\anyio\_backends\_asyncio.py", line 1029, in run
    result = context.run(func, *args)
  File "C:\Users\Akhilesh\Vikas_Computer_Science\software-engineering-journey\backend_engineering_projects\projects\inventory-order-management-api\app\routers\product_router.py", line 26, in get_products
    return service.get_products()
           ~~~~~~~~~~~~~~~~~~~~^^
  File "C:\Users\Akhilesh\Vikas_Computer_Science\software-engineering-journey\backend_engineering_projects\projects\inventory-order-management-api\app\services\product_service.py", line 16, in get_products
    products = self.repository.get_products()
  File "C:\Users\Akhilesh\Vikas_Computer_Science\software-engineering-journey\backend_engineering_projects\projects\inventory-order-management-api\app\repositories\product_repository.py", line 21, in get_products
    10/0
    ~~^~
ZeroDivisionError: division by zero
2026-07-25 20:53:58 | INFO     | root | logging_config.py:44 | Logging system initialized
2026-07-25 20:53:58 | INFO     | sqlalchemy.engine.Engine | base.py:1848 | SELECT DATABASE()
2026-07-25 20:53:58 | INFO     | sqlalchemy.engine.Engine | base.py:1848 | [raw sql] {}
2026-07-25 20:53:58 | INFO     | sqlalchemy.engine.Engine | base.py:1848 | SELECT @@sql_mode
2026-07-25 20:53:58 | INFO     | sqlalchemy.engine.Engine | base.py:1848 | [raw sql] {}
2026-07-25 20:53:58 | INFO     | sqlalchemy.engine.Engine | base.py:1848 | SELECT @@lower_case_table_names
2026-07-25 20:53:58 | INFO     | sqlalchemy.engine.Engine | base.py:1848 | [raw sql] {}
2026-07-25 20:53:58 | INFO     | sqlalchemy.engine.Engine | base.py:2712 | BEGIN (implicit)
2026-07-25 20:53:58 | INFO     | sqlalchemy.engine.Engine | base.py:1848 | DESCRIBE `product_db`.`Products`
2026-07-25 20:53:58 | INFO     | sqlalchemy.engine.Engine | base.py:1848 | [raw sql] {}
2026-07-25 20:53:58 | INFO     | sqlalchemy.engine.Engine | base.py:2718 | COMMIT
2026-07-25 21:20:27 | INFO     | root | logging_config.py:44 | Logging system initialized
2026-07-25 21:20:28 | INFO     | sqlalchemy.engine.Engine | base.py:1848 | SELECT DATABASE()
2026-07-25 21:20:28 | INFO     | sqlalchemy.engine.Engine | base.py:1848 | [raw sql] {}
2026-07-25 21:20:28 | INFO     | sqlalchemy.engine.Engine | base.py:1848 | SELECT @@sql_mode
2026-07-25 21:20:28 | INFO     | sqlalchemy.engine.Engine | base.py:1848 | [raw sql] {}
2026-07-25 21:20:28 | INFO     | sqlalchemy.engine.Engine | base.py:1848 | SELECT @@lower_case_table_names
2026-07-25 21:20:28 | INFO     | sqlalchemy.engine.Engine | base.py:1848 | [raw sql] {}
2026-07-25 21:20:28 | INFO     | sqlalchemy.engine.Engine | base.py:2712 | BEGIN (implicit)
2026-07-25 21:20:28 | INFO     | sqlalchemy.engine.Engine | base.py:1848 | DESCRIBE `product_db`.`Products`
2026-07-25 21:20:28 | INFO     | sqlalchemy.engine.Engine | base.py:1848 | [raw sql] {}
2026-07-25 21:20:28 | INFO     | sqlalchemy.engine.Engine | base.py:2718 | COMMIT
2026-07-25 21:20:32 | INFO     | root | logging_config.py:44 | Logging system initialized
2026-07-25 21:20:32 | INFO     | sqlalchemy.engine.Engine | base.py:1848 | SELECT DATABASE()
2026-07-25 21:20:32 | INFO     | sqlalchemy.engine.Engine | base.py:1848 | [raw sql] {}
2026-07-25 21:20:32 | INFO     | sqlalchemy.engine.Engine | base.py:1848 | SELECT @@sql_mode
2026-07-25 21:20:32 | INFO     | sqlalchemy.engine.Engine | base.py:1848 | [raw sql] {}
2026-07-25 21:20:32 | INFO     | sqlalchemy.engine.Engine | base.py:1848 | SELECT @@lower_case_table_names
2026-07-25 21:20:32 | INFO     | sqlalchemy.engine.Engine | base.py:1848 | [raw sql] {}
2026-07-25 21:20:32 | INFO     | sqlalchemy.engine.Engine | base.py:2712 | BEGIN (implicit)
2026-07-25 21:20:32 | INFO     | sqlalchemy.engine.Engine | base.py:1848 | DESCRIBE `product_db`.`Products`
2026-07-25 21:20:32 | INFO     | sqlalchemy.engine.Engine | base.py:1848 | [raw sql] {}
2026-07-25 21:20:32 | INFO     | sqlalchemy.engine.Engine | base.py:2718 | COMMIT
2026-07-25 21:20:34 | INFO     | root | logging_config.py:44 | Logging system initialized
2026-07-25 21:20:34 | INFO     | sqlalchemy.engine.Engine | base.py:1848 | SELECT DATABASE()
2026-07-25 21:20:34 | INFO     | sqlalchemy.engine.Engine | base.py:1848 | [raw sql] {}
2026-07-25 21:20:34 | INFO     | sqlalchemy.engine.Engine | base.py:1848 | SELECT @@sql_mode
2026-07-25 21:20:34 | INFO     | sqlalchemy.engine.Engine | base.py:1848 | [raw sql] {}
2026-07-25 21:20:34 | INFO     | sqlalchemy.engine.Engine | base.py:1848 | SELECT @@lower_case_table_names
2026-07-25 21:20:34 | INFO     | sqlalchemy.engine.Engine | base.py:1848 | [raw sql] {}
2026-07-25 21:20:34 | INFO     | sqlalchemy.engine.Engine | base.py:2712 | BEGIN (implicit)
2026-07-25 21:20:34 | INFO     | sqlalchemy.engine.Engine | base.py:1848 | DESCRIBE `product_db`.`Products`
2026-07-25 21:20:34 | INFO     | sqlalchemy.engine.Engine | base.py:1848 | [raw sql] {}
2026-07-25 21:20:34 | INFO     | sqlalchemy.engine.Engine | base.py:2718 | COMMIT
2026-07-25 21:20:48 | INFO     | root | logging_config.py:44 | Logging system initialized
2026-07-25 21:20:48 | INFO     | sqlalchemy.engine.Engine | base.py:1848 | SELECT DATABASE()
2026-07-25 21:20:48 | INFO     | sqlalchemy.engine.Engine | base.py:1848 | [raw sql] {}
2026-07-25 21:20:48 | INFO     | sqlalchemy.engine.Engine | base.py:1848 | SELECT @@sql_mode
2026-07-25 21:20:48 | INFO     | sqlalchemy.engine.Engine | base.py:1848 | [raw sql] {}
2026-07-25 21:20:48 | INFO     | sqlalchemy.engine.Engine | base.py:1848 | SELECT @@lower_case_table_names
2026-07-25 21:20:48 | INFO     | sqlalchemy.engine.Engine | base.py:1848 | [raw sql] {}
2026-07-25 21:20:48 | INFO     | sqlalchemy.engine.Engine | base.py:2712 | BEGIN (implicit)
2026-07-25 21:20:48 | INFO     | sqlalchemy.engine.Engine | base.py:1848 | DESCRIBE `product_db`.`Products`
2026-07-25 21:20:48 | INFO     | sqlalchemy.engine.Engine | base.py:1848 | [raw sql] {}
2026-07-25 21:20:48 | INFO     | sqlalchemy.engine.Engine | base.py:2718 | COMMIT
2026-07-25 21:20:53 | INFO     | root | logging_config.py:44 | Logging system initialized
2026-07-25 21:20:53 | INFO     | sqlalchemy.engine.Engine | base.py:1848 | SELECT DATABASE()
2026-07-25 21:20:53 | INFO     | sqlalchemy.engine.Engine | base.py:1848 | [raw sql] {}
2026-07-25 21:20:53 | INFO     | sqlalchemy.engine.Engine | base.py:1848 | SELECT @@sql_mode
2026-07-25 21:20:53 | INFO     | sqlalchemy.engine.Engine | base.py:1848 | [raw sql] {}
2026-07-25 21:20:53 | INFO     | sqlalchemy.engine.Engine | base.py:1848 | SELECT @@lower_case_table_names
2026-07-25 21:20:53 | INFO     | sqlalchemy.engine.Engine | base.py:1848 | [raw sql] {}
2026-07-25 21:20:53 | INFO     | sqlalchemy.engine.Engine | base.py:2712 | BEGIN (implicit)
2026-07-25 21:20:53 | INFO     | sqlalchemy.engine.Engine | base.py:1848 | DESCRIBE `product_db`.`Products`
2026-07-25 21:20:53 | INFO     | sqlalchemy.engine.Engine | base.py:1848 | [raw sql] {}
2026-07-25 21:20:53 | INFO     | sqlalchemy.engine.Engine | base.py:2718 | COMMIT
2026-07-25 21:20:58 | INFO     | root | logging_config.py:44 | Logging system initialized
2026-07-25 21:20:58 | INFO     | sqlalchemy.engine.Engine | base.py:1848 | SELECT DATABASE()
2026-07-25 21:20:58 | INFO     | sqlalchemy.engine.Engine | base.py:1848 | [raw sql] {}
2026-07-25 21:20:58 | INFO     | sqlalchemy.engine.Engine | base.py:1848 | SELECT @@sql_mode
2026-07-25 21:20:58 | INFO     | sqlalchemy.engine.Engine | base.py:1848 | [raw sql] {}
2026-07-25 21:20:58 | INFO     | sqlalchemy.engine.Engine | base.py:1848 | SELECT @@lower_case_table_names
2026-07-25 21:20:58 | INFO     | sqlalchemy.engine.Engine | base.py:1848 | [raw sql] {}
2026-07-25 21:20:58 | INFO     | sqlalchemy.engine.Engine | base.py:2712 | BEGIN (implicit)
2026-07-25 21:20:58 | INFO     | sqlalchemy.engine.Engine | base.py:1848 | DESCRIBE `product_db`.`Products`
2026-07-25 21:20:58 | INFO     | sqlalchemy.engine.Engine | base.py:1848 | [raw sql] {}
2026-07-25 21:20:58 | INFO     | sqlalchemy.engine.Engine | base.py:2718 | COMMIT
2026-07-25 21:21:00 | INFO     | root | logging_config.py:44 | Logging system initialized
2026-07-25 21:21:01 | INFO     | sqlalchemy.engine.Engine | base.py:1848 | SELECT DATABASE()
2026-07-25 21:21:01 | INFO     | sqlalchemy.engine.Engine | base.py:1848 | [raw sql] {}
2026-07-25 21:21:01 | INFO     | sqlalchemy.engine.Engine | base.py:1848 | SELECT @@sql_mode
2026-07-25 21:21:01 | INFO     | sqlalchemy.engine.Engine | base.py:1848 | [raw sql] {}
2026-07-25 21:21:01 | INFO     | sqlalchemy.engine.Engine | base.py:1848 | SELECT @@lower_case_table_names
2026-07-25 21:21:01 | INFO     | sqlalchemy.engine.Engine | base.py:1848 | [raw sql] {}
2026-07-25 21:21:01 | INFO     | sqlalchemy.engine.Engine | base.py:2712 | BEGIN (implicit)
2026-07-25 21:21:01 | INFO     | sqlalchemy.engine.Engine | base.py:1848 | DESCRIBE `product_db`.`Products`
2026-07-25 21:21:01 | INFO     | sqlalchemy.engine.Engine | base.py:1848 | [raw sql] {}
2026-07-25 21:21:01 | INFO     | sqlalchemy.engine.Engine | base.py:2718 | COMMIT
2026-07-25 21:21:31 | INFO     | root | logging_config.py:44 | Logging system initialized
2026-07-25 21:21:31 | INFO     | sqlalchemy.engine.Engine | base.py:1848 | SELECT DATABASE()
2026-07-25 21:21:31 | INFO     | sqlalchemy.engine.Engine | base.py:1848 | [raw sql] {}
2026-07-25 21:21:31 | INFO     | sqlalchemy.engine.Engine | base.py:1848 | SELECT @@sql_mode
2026-07-25 21:21:31 | INFO     | sqlalchemy.engine.Engine | base.py:1848 | [raw sql] {}
2026-07-25 21:21:31 | INFO     | sqlalchemy.engine.Engine | base.py:1848 | SELECT @@lower_case_table_names
2026-07-25 21:21:31 | INFO     | sqlalchemy.engine.Engine | base.py:1848 | [raw sql] {}
2026-07-25 21:21:31 | INFO     | sqlalchemy.engine.Engine | base.py:2712 | BEGIN (implicit)
2026-07-25 21:21:31 | INFO     | sqlalchemy.engine.Engine | base.py:1848 | DESCRIBE `product_db`.`Products`
2026-07-25 21:21:31 | INFO     | sqlalchemy.engine.Engine | base.py:1848 | [raw sql] {}
2026-07-25 21:21:31 | INFO     | sqlalchemy.engine.Engine | base.py:2718 | COMMIT
2026-07-25 21:21:34 | INFO     | root | logging_config.py:44 | Logging system initialized
2026-07-25 21:21:34 | INFO     | sqlalchemy.engine.Engine | base.py:1848 | SELECT DATABASE()
2026-07-25 21:21:34 | INFO     | sqlalchemy.engine.Engine | base.py:1848 | [raw sql] {}
2026-07-25 21:21:34 | INFO     | sqlalchemy.engine.Engine | base.py:1848 | SELECT @@sql_mode
2026-07-25 21:21:34 | INFO     | sqlalchemy.engine.Engine | base.py:1848 | [raw sql] {}
2026-07-25 21:21:34 | INFO     | sqlalchemy.engine.Engine | base.py:1848 | SELECT @@lower_case_table_names
2026-07-25 21:21:34 | INFO     | sqlalchemy.engine.Engine | base.py:1848 | [raw sql] {}
2026-07-25 21:21:34 | INFO     | sqlalchemy.engine.Engine | base.py:2712 | BEGIN (implicit)
2026-07-25 21:21:34 | INFO     | sqlalchemy.engine.Engine | base.py:1848 | DESCRIBE `product_db`.`Products`
2026-07-25 21:21:34 | INFO     | sqlalchemy.engine.Engine | base.py:1848 | [raw sql] {}
2026-07-25 21:21:34 | INFO     | sqlalchemy.engine.Engine | base.py:2718 | COMMIT
2026-07-25 21:21:37 | INFO     | root | logging_config.py:44 | Logging system initialized
2026-07-25 21:21:37 | INFO     | sqlalchemy.engine.Engine | base.py:1848 | SELECT DATABASE()
2026-07-25 21:21:37 | INFO     | sqlalchemy.engine.Engine | base.py:1848 | [raw sql] {}
2026-07-25 21:21:37 | INFO     | sqlalchemy.engine.Engine | base.py:1848 | SELECT @@sql_mode
2026-07-25 21:21:37 | INFO     | sqlalchemy.engine.Engine | base.py:1848 | [raw sql] {}
2026-07-25 21:21:37 | INFO     | sqlalchemy.engine.Engine | base.py:1848 | SELECT @@lower_case_table_names
2026-07-25 21:21:37 | INFO     | sqlalchemy.engine.Engine | base.py:1848 | [raw sql] {}
2026-07-25 21:21:37 | INFO     | sqlalchemy.engine.Engine | base.py:2712 | BEGIN (implicit)
2026-07-25 21:21:37 | INFO     | sqlalchemy.engine.Engine | base.py:1848 | DESCRIBE `product_db`.`Products`
2026-07-25 21:21:37 | INFO     | sqlalchemy.engine.Engine | base.py:1848 | [raw sql] {}
2026-07-25 21:21:37 | INFO     | sqlalchemy.engine.Engine | base.py:2718 | COMMIT
2026-07-25 21:21:39 | INFO     | root | logging_config.py:44 | Logging system initialized
2026-07-25 21:21:40 | INFO     | sqlalchemy.engine.Engine | base.py:1848 | SELECT DATABASE()
2026-07-25 21:21:40 | INFO     | sqlalchemy.engine.Engine | base.py:1848 | [raw sql] {}
2026-07-25 21:21:40 | INFO     | sqlalchemy.engine.Engine | base.py:1848 | SELECT @@sql_mode
2026-07-25 21:21:40 | INFO     | sqlalchemy.engine.Engine | base.py:1848 | [raw sql] {}
2026-07-25 21:21:40 | INFO     | sqlalchemy.engine.Engine | base.py:1848 | SELECT @@lower_case_table_names
2026-07-25 21:21:40 | INFO     | sqlalchemy.engine.Engine | base.py:1848 | [raw sql] {}
2026-07-25 21:21:40 | INFO     | sqlalchemy.engine.Engine | base.py:2712 | BEGIN (implicit)
2026-07-25 21:21:40 | INFO     | sqlalchemy.engine.Engine | base.py:1848 | DESCRIBE `product_db`.`Products`
2026-07-25 21:21:40 | INFO     | sqlalchemy.engine.Engine | base.py:1848 | [raw sql] {}
2026-07-25 21:21:40 | INFO     | sqlalchemy.engine.Engine | base.py:2718 | COMMIT
2026-07-25 21:21:52 | INFO     | root | logging_config.py:44 | Logging system initialized
2026-07-25 21:21:52 | INFO     | sqlalchemy.engine.Engine | base.py:1848 | SELECT DATABASE()
2026-07-25 21:21:52 | INFO     | sqlalchemy.engine.Engine | base.py:1848 | [raw sql] {}
2026-07-25 21:21:52 | INFO     | sqlalchemy.engine.Engine | base.py:1848 | SELECT @@sql_mode
2026-07-25 21:21:52 | INFO     | sqlalchemy.engine.Engine | base.py:1848 | [raw sql] {}
2026-07-25 21:21:52 | INFO     | sqlalchemy.engine.Engine | base.py:1848 | SELECT @@lower_case_table_names
2026-07-25 21:21:52 | INFO     | sqlalchemy.engine.Engine | base.py:1848 | [raw sql] {}
2026-07-25 21:21:52 | INFO     | sqlalchemy.engine.Engine | base.py:2712 | BEGIN (implicit)
2026-07-25 21:21:52 | INFO     | sqlalchemy.engine.Engine | base.py:1848 | DESCRIBE `product_db`.`Products`
2026-07-25 21:21:52 | INFO     | sqlalchemy.engine.Engine | base.py:1848 | [raw sql] {}
2026-07-25 21:21:52 | INFO     | sqlalchemy.engine.Engine | base.py:2718 | COMMIT
2026-07-25 21:21:55 | INFO     | root | logging_config.py:44 | Logging system initialized
2026-07-25 21:21:55 | INFO     | sqlalchemy.engine.Engine | base.py:1848 | SELECT DATABASE()
2026-07-25 21:21:55 | INFO     | sqlalchemy.engine.Engine | base.py:1848 | [raw sql] {}
2026-07-25 21:21:55 | INFO     | sqlalchemy.engine.Engine | base.py:1848 | SELECT @@sql_mode
2026-07-25 21:21:55 | INFO     | sqlalchemy.engine.Engine | base.py:1848 | [raw sql] {}
2026-07-25 21:21:55 | INFO     | sqlalchemy.engine.Engine | base.py:1848 | SELECT @@lower_case_table_names
2026-07-25 21:21:55 | INFO     | sqlalchemy.engine.Engine | base.py:1848 | [raw sql] {}
2026-07-25 21:21:55 | INFO     | sqlalchemy.engine.Engine | base.py:2712 | BEGIN (implicit)
2026-07-25 21:21:55 | INFO     | sqlalchemy.engine.Engine | base.py:1848 | DESCRIBE `product_db`.`Products`
2026-07-25 21:21:55 | INFO     | sqlalchemy.engine.Engine | base.py:1848 | [raw sql] {}
2026-07-25 21:21:55 | INFO     | sqlalchemy.engine.Engine | base.py:2718 | COMMIT
2026-07-25 21:22:00 | INFO     | root | logging_config.py:44 | Logging system initialized
2026-07-25 21:22:00 | INFO     | sqlalchemy.engine.Engine | base.py:1848 | SELECT DATABASE()
2026-07-25 21:22:00 | INFO     | sqlalchemy.engine.Engine | base.py:1848 | [raw sql] {}
2026-07-25 21:22:00 | INFO     | sqlalchemy.engine.Engine | base.py:1848 | SELECT @@sql_mode
2026-07-25 21:22:00 | INFO     | sqlalchemy.engine.Engine | base.py:1848 | [raw sql] {}
2026-07-25 21:22:00 | INFO     | sqlalchemy.engine.Engine | base.py:1848 | SELECT @@lower_case_table_names
2026-07-25 21:22:00 | INFO     | sqlalchemy.engine.Engine | base.py:1848 | [raw sql] {}
2026-07-25 21:22:00 | INFO     | sqlalchemy.engine.Engine | base.py:2712 | BEGIN (implicit)
2026-07-25 21:22:00 | INFO     | sqlalchemy.engine.Engine | base.py:1848 | DESCRIBE `product_db`.`Products`
2026-07-25 21:22:00 | INFO     | sqlalchemy.engine.Engine | base.py:1848 | [raw sql] {}
2026-07-25 21:22:00 | INFO     | sqlalchemy.engine.Engine | base.py:2718 | COMMIT
2026-07-25 21:22:05 | INFO     | root | logging_config.py:44 | Logging system initialized
2026-07-25 21:22:05 | INFO     | sqlalchemy.engine.Engine | base.py:1848 | SELECT DATABASE()
2026-07-25 21:22:05 | INFO     | sqlalchemy.engine.Engine | base.py:1848 | [raw sql] {}
2026-07-25 21:22:05 | INFO     | sqlalchemy.engine.Engine | base.py:1848 | SELECT @@sql_mode
2026-07-25 21:22:05 | INFO     | sqlalchemy.engine.Engine | base.py:1848 | [raw sql] {}
2026-07-25 21:22:05 | INFO     | sqlalchemy.engine.Engine | base.py:1848 | SELECT @@lower_case_table_names
2026-07-25 21:22:05 | INFO     | sqlalchemy.engine.Engine | base.py:1848 | [raw sql] {}
2026-07-25 21:22:05 | INFO     | sqlalchemy.engine.Engine | base.py:2712 | BEGIN (implicit)
2026-07-25 21:22:05 | INFO     | sqlalchemy.engine.Engine | base.py:1848 | DESCRIBE `product_db`.`Products`
2026-07-25 21:22:05 | INFO     | sqlalchemy.engine.Engine | base.py:1848 | [raw sql] {}
2026-07-25 21:22:05 | INFO     | sqlalchemy.engine.Engine | base.py:2718 | COMMIT
2026-07-25 21:22:06 | INFO     | root | logging_config.py:44 | Logging system initialized
2026-07-25 21:22:07 | INFO     | sqlalchemy.engine.Engine | base.py:1848 | SELECT DATABASE()
2026-07-25 21:22:07 | INFO     | sqlalchemy.engine.Engine | base.py:1848 | [raw sql] {}
2026-07-25 21:22:07 | INFO     | sqlalchemy.engine.Engine | base.py:1848 | SELECT @@sql_mode
2026-07-25 21:22:07 | INFO     | sqlalchemy.engine.Engine | base.py:1848 | [raw sql] {}
2026-07-25 21:22:07 | INFO     | sqlalchemy.engine.Engine | base.py:1848 | SELECT @@lower_case_table_names
2026-07-25 21:22:07 | INFO     | sqlalchemy.engine.Engine | base.py:1848 | [raw sql] {}
2026-07-25 21:22:07 | INFO     | sqlalchemy.engine.Engine | base.py:2712 | BEGIN (implicit)
2026-07-25 21:22:07 | INFO     | sqlalchemy.engine.Engine | base.py:1848 | DESCRIBE `product_db`.`Products`
2026-07-25 21:22:07 | INFO     | sqlalchemy.engine.Engine | base.py:1848 | [raw sql] {}
2026-07-25 21:22:07 | INFO     | sqlalchemy.engine.Engine | base.py:2718 | COMMIT
2026-07-25 21:25:10 | INFO     | root | logging_config.py:44 | Logging system initialized
2026-07-25 21:25:10 | INFO     | sqlalchemy.engine.Engine | base.py:1848 | SELECT DATABASE()
2026-07-25 21:25:10 | INFO     | sqlalchemy.engine.Engine | base.py:1848 | [raw sql] {}
2026-07-25 21:25:10 | INFO     | sqlalchemy.engine.Engine | base.py:1848 | SELECT @@sql_mode
2026-07-25 21:25:10 | INFO     | sqlalchemy.engine.Engine | base.py:1848 | [raw sql] {}
2026-07-25 21:25:10 | INFO     | sqlalchemy.engine.Engine | base.py:1848 | SELECT @@lower_case_table_names
2026-07-25 21:25:10 | INFO     | sqlalchemy.engine.Engine | base.py:1848 | [raw sql] {}
2026-07-25 21:25:10 | INFO     | sqlalchemy.engine.Engine | base.py:2712 | BEGIN (implicit)
2026-07-25 21:25:10 | INFO     | sqlalchemy.engine.Engine | base.py:1848 | DESCRIBE `product_db`.`Products`
2026-07-25 21:25:10 | INFO     | sqlalchemy.engine.Engine | base.py:1848 | [raw sql] {}
2026-07-25 21:25:10 | INFO     | sqlalchemy.engine.Engine | base.py:2718 | COMMIT
2026-07-25 21:25:15 | INFO     | root | logging_config.py:44 | Logging system initialized
2026-07-25 21:25:15 | INFO     | sqlalchemy.engine.Engine | base.py:1848 | SELECT DATABASE()
2026-07-25 21:25:15 | INFO     | sqlalchemy.engine.Engine | base.py:1848 | [raw sql] {}
2026-07-25 21:25:15 | INFO     | sqlalchemy.engine.Engine | base.py:1848 | SELECT @@sql_mode
2026-07-25 21:25:15 | INFO     | sqlalchemy.engine.Engine | base.py:1848 | [raw sql] {}
2026-07-25 21:25:15 | INFO     | sqlalchemy.engine.Engine | base.py:1848 | SELECT @@lower_case_table_names
2026-07-25 21:25:15 | INFO     | sqlalchemy.engine.Engine | base.py:1848 | [raw sql] {}
2026-07-25 21:25:15 | INFO     | sqlalchemy.engine.Engine | base.py:2712 | BEGIN (implicit)
2026-07-25 21:25:15 | INFO     | sqlalchemy.engine.Engine | base.py:1848 | DESCRIBE `product_db`.`Products`
2026-07-25 21:25:15 | INFO     | sqlalchemy.engine.Engine | base.py:1848 | [raw sql] {}
2026-07-25 21:25:15 | INFO     | sqlalchemy.engine.Engine | base.py:2718 | COMMIT
2026-07-25 21:25:17 | INFO     | root | logging_config.py:44 | Logging system initialized
2026-07-25 21:25:17 | INFO     | sqlalchemy.engine.Engine | base.py:1848 | SELECT DATABASE()
2026-07-25 21:25:17 | INFO     | sqlalchemy.engine.Engine | base.py:1848 | [raw sql] {}
2026-07-25 21:25:17 | INFO     | sqlalchemy.engine.Engine | base.py:1848 | SELECT @@sql_mode
2026-07-25 21:25:17 | INFO     | sqlalchemy.engine.Engine | base.py:1848 | [raw sql] {}
2026-07-25 21:25:17 | INFO     | sqlalchemy.engine.Engine | base.py:1848 | SELECT @@lower_case_table_names
2026-07-25 21:25:17 | INFO     | sqlalchemy.engine.Engine | base.py:1848 | [raw sql] {}
2026-07-25 21:25:17 | INFO     | sqlalchemy.engine.Engine | base.py:2712 | BEGIN (implicit)
2026-07-25 21:25:17 | INFO     | sqlalchemy.engine.Engine | base.py:1848 | DESCRIBE `product_db`.`Products`
2026-07-25 21:25:17 | INFO     | sqlalchemy.engine.Engine | base.py:1848 | [raw sql] {}
2026-07-25 21:25:17 | INFO     | sqlalchemy.engine.Engine | base.py:2718 | COMMIT
2026-07-25 21:25:25 | INFO     | root | logging_config.py:44 | Logging system initialized
2026-07-25 21:25:25 | INFO     | sqlalchemy.engine.Engine | base.py:1848 | SELECT DATABASE()
2026-07-25 21:25:25 | INFO     | sqlalchemy.engine.Engine | base.py:1848 | [raw sql] {}
2026-07-25 21:25:25 | INFO     | sqlalchemy.engine.Engine | base.py:1848 | SELECT @@sql_mode
2026-07-25 21:25:25 | INFO     | sqlalchemy.engine.Engine | base.py:1848 | [raw sql] {}
2026-07-25 21:25:25 | INFO     | sqlalchemy.engine.Engine | base.py:1848 | SELECT @@lower_case_table_names
2026-07-25 21:25:25 | INFO     | sqlalchemy.engine.Engine | base.py:1848 | [raw sql] {}
2026-07-25 21:25:25 | INFO     | sqlalchemy.engine.Engine | base.py:2712 | BEGIN (implicit)
2026-07-25 21:25:25 | INFO     | sqlalchemy.engine.Engine | base.py:1848 | DESCRIBE `product_db`.`Products`
2026-07-25 21:25:25 | INFO     | sqlalchemy.engine.Engine | base.py:1848 | [raw sql] {}
2026-07-25 21:25:25 | INFO     | sqlalchemy.engine.Engine | base.py:2718 | COMMIT
2026-07-25 21:25:35 | INFO     | root | logging_config.py:44 | Logging system initialized
2026-07-25 21:25:35 | INFO     | sqlalchemy.engine.Engine | base.py:1848 | SELECT DATABASE()
2026-07-25 21:25:35 | INFO     | sqlalchemy.engine.Engine | base.py:1848 | [raw sql] {}
2026-07-25 21:25:35 | INFO     | sqlalchemy.engine.Engine | base.py:1848 | SELECT @@sql_mode
2026-07-25 21:25:35 | INFO     | sqlalchemy.engine.Engine | base.py:1848 | [raw sql] {}
2026-07-25 21:25:35 | INFO     | sqlalchemy.engine.Engine | base.py:1848 | SELECT @@lower_case_table_names
2026-07-25 21:25:35 | INFO     | sqlalchemy.engine.Engine | base.py:1848 | [raw sql] {}
2026-07-25 21:25:35 | INFO     | sqlalchemy.engine.Engine | base.py:2712 | BEGIN (implicit)
2026-07-25 21:25:35 | INFO     | sqlalchemy.engine.Engine | base.py:1848 | DESCRIBE `product_db`.`Products`
2026-07-25 21:25:35 | INFO     | sqlalchemy.engine.Engine | base.py:1848 | [raw sql] {}
2026-07-25 21:25:35 | INFO     | sqlalchemy.engine.Engine | base.py:2718 | COMMIT
2026-07-25 21:25:40 | INFO     | root | logging_config.py:44 | Logging system initialized
2026-07-25 21:25:40 | INFO     | sqlalchemy.engine.Engine | base.py:1848 | SELECT DATABASE()
2026-07-25 21:25:40 | INFO     | sqlalchemy.engine.Engine | base.py:1848 | [raw sql] {}
2026-07-25 21:25:40 | INFO     | sqlalchemy.engine.Engine | base.py:1848 | SELECT @@sql_mode
2026-07-25 21:25:40 | INFO     | sqlalchemy.engine.Engine | base.py:1848 | [raw sql] {}
2026-07-25 21:25:40 | INFO     | sqlalchemy.engine.Engine | base.py:1848 | SELECT @@lower_case_table_names
2026-07-25 21:25:40 | INFO     | sqlalchemy.engine.Engine | base.py:1848 | [raw sql] {}
2026-07-25 21:25:40 | INFO     | sqlalchemy.engine.Engine | base.py:2712 | BEGIN (implicit)
2026-07-25 21:25:40 | INFO     | sqlalchemy.engine.Engine | base.py:1848 | DESCRIBE `product_db`.`Products`
2026-07-25 21:25:40 | INFO     | sqlalchemy.engine.Engine | base.py:1848 | [raw sql] {}
2026-07-25 21:25:40 | INFO     | sqlalchemy.engine.Engine | base.py:2718 | COMMIT
2026-07-25 21:25:45 | INFO     | root | logging_config.py:44 | Logging system initialized
2026-07-25 21:25:45 | INFO     | sqlalchemy.engine.Engine | base.py:1848 | SELECT DATABASE()
2026-07-25 21:25:45 | INFO     | sqlalchemy.engine.Engine | base.py:1848 | [raw sql] {}
2026-07-25 21:25:45 | INFO     | sqlalchemy.engine.Engine | base.py:1848 | SELECT @@sql_mode
2026-07-25 21:25:45 | INFO     | sqlalchemy.engine.Engine | base.py:1848 | [raw sql] {}
2026-07-25 21:25:45 | INFO     | sqlalchemy.engine.Engine | base.py:1848 | SELECT @@lower_case_table_names
2026-07-25 21:25:45 | INFO     | sqlalchemy.engine.Engine | base.py:1848 | [raw sql] {}
2026-07-25 21:25:45 | INFO     | sqlalchemy.engine.Engine | base.py:2712 | BEGIN (implicit)
2026-07-25 21:25:45 | INFO     | sqlalchemy.engine.Engine | base.py:1848 | DESCRIBE `product_db`.`Products`
2026-07-25 21:25:45 | INFO     | sqlalchemy.engine.Engine | base.py:1848 | [raw sql] {}
2026-07-25 21:25:45 | INFO     | sqlalchemy.engine.Engine | base.py:2718 | COMMIT
2026-07-25 21:25:47 | INFO     | root | logging_config.py:44 | Logging system initialized
2026-07-25 21:25:47 | INFO     | sqlalchemy.engine.Engine | base.py:1848 | SELECT DATABASE()
2026-07-25 21:25:47 | INFO     | sqlalchemy.engine.Engine | base.py:1848 | [raw sql] {}
2026-07-25 21:25:47 | INFO     | sqlalchemy.engine.Engine | base.py:1848 | SELECT @@sql_mode
2026-07-25 21:25:47 | INFO     | sqlalchemy.engine.Engine | base.py:1848 | [raw sql] {}
2026-07-25 21:25:47 | INFO     | sqlalchemy.engine.Engine | base.py:1848 | SELECT @@lower_case_table_names
2026-07-25 21:25:47 | INFO     | sqlalchemy.engine.Engine | base.py:1848 | [raw sql] {}
2026-07-25 21:25:47 | INFO     | sqlalchemy.engine.Engine | base.py:2712 | BEGIN (implicit)
2026-07-25 21:25:47 | INFO     | sqlalchemy.engine.Engine | base.py:1848 | DESCRIBE `product_db`.`Products`
2026-07-25 21:25:47 | INFO     | sqlalchemy.engine.Engine | base.py:1848 | [raw sql] {}
2026-07-25 21:25:47 | INFO     | sqlalchemy.engine.Engine | base.py:2718 | COMMIT
2026-07-25 21:26:36 | INFO     | root | logging_config.py:44 | Logging system initialized
2026-07-25 21:26:36 | INFO     | sqlalchemy.engine.Engine | base.py:1848 | SELECT DATABASE()
2026-07-25 21:26:36 | INFO     | sqlalchemy.engine.Engine | base.py:1848 | [raw sql] {}
2026-07-25 21:26:36 | INFO     | sqlalchemy.engine.Engine | base.py:1848 | SELECT @@sql_mode
2026-07-25 21:26:36 | INFO     | sqlalchemy.engine.Engine | base.py:1848 | [raw sql] {}
2026-07-25 21:26:36 | INFO     | sqlalchemy.engine.Engine | base.py:1848 | SELECT @@lower_case_table_names
2026-07-25 21:26:36 | INFO     | sqlalchemy.engine.Engine | base.py:1848 | [raw sql] {}
2026-07-25 21:26:36 | INFO     | sqlalchemy.engine.Engine | base.py:2712 | BEGIN (implicit)
2026-07-25 21:26:36 | INFO     | sqlalchemy.engine.Engine | base.py:1848 | DESCRIBE `product_db`.`Products`
2026-07-25 21:26:36 | INFO     | sqlalchemy.engine.Engine | base.py:1848 | [raw sql] {}
2026-07-25 21:26:36 | INFO     | sqlalchemy.engine.Engine | base.py:2718 | COMMIT
2026-07-25 21:26:39 | INFO     | root | logging_config.py:44 | Logging system initialized
2026-07-25 21:26:39 | INFO     | sqlalchemy.engine.Engine | base.py:1848 | SELECT DATABASE()
2026-07-25 21:26:39 | INFO     | sqlalchemy.engine.Engine | base.py:1848 | [raw sql] {}
2026-07-25 21:26:39 | INFO     | sqlalchemy.engine.Engine | base.py:1848 | SELECT @@sql_mode
2026-07-25 21:26:39 | INFO     | sqlalchemy.engine.Engine | base.py:1848 | [raw sql] {}
2026-07-25 21:26:39 | INFO     | sqlalchemy.engine.Engine | base.py:1848 | SELECT @@lower_case_table_names
2026-07-25 21:26:39 | INFO     | sqlalchemy.engine.Engine | base.py:1848 | [raw sql] {}
2026-07-25 21:26:39 | INFO     | sqlalchemy.engine.Engine | base.py:2712 | BEGIN (implicit)
2026-07-25 21:26:39 | INFO     | sqlalchemy.engine.Engine | base.py:1848 | DESCRIBE `product_db`.`Products`
2026-07-25 21:26:39 | INFO     | sqlalchemy.engine.Engine | base.py:1848 | [raw sql] {}
2026-07-25 21:26:39 | INFO     | sqlalchemy.engine.Engine | base.py:2718 | COMMIT
2026-07-25 21:26:43 | INFO     | root | logging_config.py:44 | Logging system initialized
2026-07-25 21:26:43 | INFO     | sqlalchemy.engine.Engine | base.py:1848 | SELECT DATABASE()
2026-07-25 21:26:43 | INFO     | sqlalchemy.engine.Engine | base.py:1848 | [raw sql] {}
2026-07-25 21:26:43 | INFO     | sqlalchemy.engine.Engine | base.py:1848 | SELECT @@sql_mode
2026-07-25 21:26:43 | INFO     | sqlalchemy.engine.Engine | base.py:1848 | [raw sql] {}
2026-07-25 21:26:43 | INFO     | sqlalchemy.engine.Engine | base.py:1848 | SELECT @@lower_case_table_names
2026-07-25 21:26:43 | INFO     | sqlalchemy.engine.Engine | base.py:1848 | [raw sql] {}
2026-07-25 21:26:43 | INFO     | sqlalchemy.engine.Engine | base.py:2712 | BEGIN (implicit)
2026-07-25 21:26:43 | INFO     | sqlalchemy.engine.Engine | base.py:1848 | DESCRIBE `product_db`.`Products`
2026-07-25 21:26:43 | INFO     | sqlalchemy.engine.Engine | base.py:1848 | [raw sql] {}
2026-07-25 21:26:43 | INFO     | sqlalchemy.engine.Engine | base.py:2718 | COMMIT
2026-07-25 21:26:47 | INFO     | root | logging_config.py:44 | Logging system initialized
2026-07-25 21:26:47 | INFO     | sqlalchemy.engine.Engine | base.py:1848 | SELECT DATABASE()
2026-07-25 21:26:47 | INFO     | sqlalchemy.engine.Engine | base.py:1848 | [raw sql] {}
2026-07-25 21:26:47 | INFO     | sqlalchemy.engine.Engine | base.py:1848 | SELECT @@sql_mode
2026-07-25 21:26:47 | INFO     | sqlalchemy.engine.Engine | base.py:1848 | [raw sql] {}
2026-07-25 21:26:47 | INFO     | sqlalchemy.engine.Engine | base.py:1848 | SELECT @@lower_case_table_names
2026-07-25 21:26:47 | INFO     | sqlalchemy.engine.Engine | base.py:1848 | [raw sql] {}
2026-07-25 21:26:47 | INFO     | sqlalchemy.engine.Engine | base.py:2712 | BEGIN (implicit)
2026-07-25 21:26:47 | INFO     | sqlalchemy.engine.Engine | base.py:1848 | DESCRIBE `product_db`.`Products`
2026-07-25 21:26:47 | INFO     | sqlalchemy.engine.Engine | base.py:1848 | [raw sql] {}
2026-07-25 21:26:47 | INFO     | sqlalchemy.engine.Engine | base.py:2718 | COMMIT
2026-07-25 21:26:49 | INFO     | root | logging_config.py:44 | Logging system initialized
2026-07-25 21:26:49 | INFO     | sqlalchemy.engine.Engine | base.py:1848 | SELECT DATABASE()
2026-07-25 21:26:49 | INFO     | sqlalchemy.engine.Engine | base.py:1848 | [raw sql] {}
2026-07-25 21:26:49 | INFO     | sqlalchemy.engine.Engine | base.py:1848 | SELECT @@sql_mode
2026-07-25 21:26:49 | INFO     | sqlalchemy.engine.Engine | base.py:1848 | [raw sql] {}
2026-07-25 21:26:49 | INFO     | sqlalchemy.engine.Engine | base.py:1848 | SELECT @@lower_case_table_names
2026-07-25 21:26:49 | INFO     | sqlalchemy.engine.Engine | base.py:1848 | [raw sql] {}
2026-07-25 21:26:49 | INFO     | sqlalchemy.engine.Engine | base.py:2712 | BEGIN (implicit)
2026-07-25 21:26:49 | INFO     | sqlalchemy.engine.Engine | base.py:1848 | DESCRIBE `product_db`.`Products`
2026-07-25 21:26:49 | INFO     | sqlalchemy.engine.Engine | base.py:1848 | [raw sql] {}
2026-07-25 21:26:49 | INFO     | sqlalchemy.engine.Engine | base.py:2718 | COMMIT
2026-07-25 21:27:10 | INFO     | root | logging_config.py:44 | Logging system initialized
2026-07-25 21:27:10 | INFO     | sqlalchemy.engine.Engine | base.py:1848 | SELECT DATABASE()
2026-07-25 21:27:10 | INFO     | sqlalchemy.engine.Engine | base.py:1848 | [raw sql] {}
2026-07-25 21:27:10 | INFO     | sqlalchemy.engine.Engine | base.py:1848 | SELECT @@sql_mode
2026-07-25 21:27:10 | INFO     | sqlalchemy.engine.Engine | base.py:1848 | [raw sql] {}
2026-07-25 21:27:10 | INFO     | sqlalchemy.engine.Engine | base.py:1848 | SELECT @@lower_case_table_names
2026-07-25 21:27:10 | INFO     | sqlalchemy.engine.Engine | base.py:1848 | [raw sql] {}
2026-07-25 21:27:10 | INFO     | sqlalchemy.engine.Engine | base.py:2712 | BEGIN (implicit)
2026-07-25 21:27:10 | INFO     | sqlalchemy.engine.Engine | base.py:1848 | DESCRIBE `product_db`.`Products`
2026-07-25 21:27:10 | INFO     | sqlalchemy.engine.Engine | base.py:1848 | [raw sql] {}
2026-07-25 21:27:10 | INFO     | sqlalchemy.engine.Engine | base.py:2718 | COMMIT
2026-07-25 21:27:13 | INFO     | root | logging_config.py:44 | Logging system initialized
2026-07-25 21:27:13 | INFO     | sqlalchemy.engine.Engine | base.py:1848 | SELECT DATABASE()
2026-07-25 21:27:13 | INFO     | sqlalchemy.engine.Engine | base.py:1848 | [raw sql] {}
2026-07-25 21:27:13 | INFO     | sqlalchemy.engine.Engine | base.py:1848 | SELECT @@sql_mode
2026-07-25 21:27:13 | INFO     | sqlalchemy.engine.Engine | base.py:1848 | [raw sql] {}
2026-07-25 21:27:13 | INFO     | sqlalchemy.engine.Engine | base.py:1848 | SELECT @@lower_case_table_names
2026-07-25 21:27:13 | INFO     | sqlalchemy.engine.Engine | base.py:1848 | [raw sql] {}
2026-07-25 21:27:13 | INFO     | sqlalchemy.engine.Engine | base.py:2712 | BEGIN (implicit)
2026-07-25 21:27:13 | INFO     | sqlalchemy.engine.Engine | base.py:1848 | DESCRIBE `product_db`.`Products`
2026-07-25 21:27:13 | INFO     | sqlalchemy.engine.Engine | base.py:1848 | [raw sql] {}
2026-07-25 21:27:13 | INFO     | sqlalchemy.engine.Engine | base.py:2718 | COMMIT
2026-07-25 21:31:02 | INFO     | root | logging_config.py:44 | Logging system initialized
2026-07-25 21:31:02 | INFO     | sqlalchemy.engine.Engine | base.py:1848 | SELECT DATABASE()
2026-07-25 21:31:02 | INFO     | sqlalchemy.engine.Engine | base.py:1848 | [raw sql] {}
2026-07-25 21:31:02 | INFO     | sqlalchemy.engine.Engine | base.py:1848 | SELECT @@sql_mode
2026-07-25 21:31:02 | INFO     | sqlalchemy.engine.Engine | base.py:1848 | [raw sql] {}
2026-07-25 21:31:02 | INFO     | sqlalchemy.engine.Engine | base.py:1848 | SELECT @@lower_case_table_names
2026-07-25 21:31:02 | INFO     | sqlalchemy.engine.Engine | base.py:1848 | [raw sql] {}
2026-07-25 21:31:02 | INFO     | sqlalchemy.engine.Engine | base.py:2712 | BEGIN (implicit)
2026-07-25 21:31:02 | INFO     | sqlalchemy.engine.Engine | base.py:1848 | DESCRIBE `product_db`.`Products`
2026-07-25 21:31:02 | INFO     | sqlalchemy.engine.Engine | base.py:1848 | [raw sql] {}
2026-07-25 21:31:02 | INFO     | sqlalchemy.engine.Engine | base.py:2718 | COMMIT
2026-07-25 21:31:13 | INFO     | root | logging_config.py:44 | Logging system initialized
2026-07-25 21:31:13 | INFO     | sqlalchemy.engine.Engine | base.py:1848 | SELECT DATABASE()
2026-07-25 21:31:13 | INFO     | sqlalchemy.engine.Engine | base.py:1848 | [raw sql] {}
2026-07-25 21:31:13 | INFO     | sqlalchemy.engine.Engine | base.py:1848 | SELECT @@sql_mode
2026-07-25 21:31:13 | INFO     | sqlalchemy.engine.Engine | base.py:1848 | [raw sql] {}
2026-07-25 21:31:13 | INFO     | sqlalchemy.engine.Engine | base.py:1848 | SELECT @@lower_case_table_names
2026-07-25 21:31:13 | INFO     | sqlalchemy.engine.Engine | base.py:1848 | [raw sql] {}
2026-07-25 21:31:13 | INFO     | sqlalchemy.engine.Engine | base.py:2712 | BEGIN (implicit)
2026-07-25 21:31:13 | INFO     | sqlalchemy.engine.Engine | base.py:1848 | DESCRIBE `product_db`.`Products`
2026-07-25 21:31:13 | INFO     | sqlalchemy.engine.Engine | base.py:1848 | [raw sql] {}
2026-07-25 21:31:13 | INFO     | sqlalchemy.engine.Engine | base.py:2718 | COMMIT
2026-07-25 21:31:16 | INFO     | root | logging_config.py:44 | Logging system initialized
2026-07-25 21:31:16 | INFO     | sqlalchemy.engine.Engine | base.py:1848 | SELECT DATABASE()
2026-07-25 21:31:16 | INFO     | sqlalchemy.engine.Engine | base.py:1848 | [raw sql] {}
2026-07-25 21:31:16 | INFO     | sqlalchemy.engine.Engine | base.py:1848 | SELECT @@sql_mode
2026-07-25 21:31:16 | INFO     | sqlalchemy.engine.Engine | base.py:1848 | [raw sql] {}
2026-07-25 21:31:16 | INFO     | sqlalchemy.engine.Engine | base.py:1848 | SELECT @@lower_case_table_names
2026-07-25 21:31:16 | INFO     | sqlalchemy.engine.Engine | base.py:1848 | [raw sql] {}
2026-07-25 21:31:16 | INFO     | sqlalchemy.engine.Engine | base.py:2712 | BEGIN (implicit)
2026-07-25 21:31:16 | INFO     | sqlalchemy.engine.Engine | base.py:1848 | DESCRIBE `product_db`.`Products`
2026-07-25 21:31:16 | INFO     | sqlalchemy.engine.Engine | base.py:1848 | [raw sql] {}
2026-07-25 21:31:16 | INFO     | sqlalchemy.engine.Engine | base.py:2718 | COMMIT
2026-07-25 21:31:23 | INFO     | root | logging_config.py:44 | Logging system initialized
2026-07-25 21:31:23 | INFO     | sqlalchemy.engine.Engine | base.py:1848 | SELECT DATABASE()
2026-07-25 21:31:23 | INFO     | sqlalchemy.engine.Engine | base.py:1848 | [raw sql] {}
2026-07-25 21:31:23 | INFO     | sqlalchemy.engine.Engine | base.py:1848 | SELECT @@sql_mode
2026-07-25 21:31:23 | INFO     | sqlalchemy.engine.Engine | base.py:1848 | [raw sql] {}
2026-07-25 21:31:23 | INFO     | sqlalchemy.engine.Engine | base.py:1848 | SELECT @@lower_case_table_names
2026-07-25 21:31:23 | INFO     | sqlalchemy.engine.Engine | base.py:1848 | [raw sql] {}
2026-07-25 21:31:23 | INFO     | sqlalchemy.engine.Engine | base.py:2712 | BEGIN (implicit)
2026-07-25 21:31:23 | INFO     | sqlalchemy.engine.Engine | base.py:1848 | DESCRIBE `product_db`.`Products`
2026-07-25 21:31:23 | INFO     | sqlalchemy.engine.Engine | base.py:1848 | [raw sql] {}
2026-07-25 21:31:23 | INFO     | sqlalchemy.engine.Engine | base.py:2718 | COMMIT
2026-07-25 21:31:28 | INFO     | root | logging_config.py:44 | Logging system initialized
2026-07-25 21:31:28 | INFO     | sqlalchemy.engine.Engine | base.py:1848 | SELECT DATABASE()
2026-07-25 21:31:28 | INFO     | sqlalchemy.engine.Engine | base.py:1848 | [raw sql] {}
2026-07-25 21:31:28 | INFO     | sqlalchemy.engine.Engine | base.py:1848 | SELECT @@sql_mode
2026-07-25 21:31:28 | INFO     | sqlalchemy.engine.Engine | base.py:1848 | [raw sql] {}
2026-07-25 21:31:28 | INFO     | sqlalchemy.engine.Engine | base.py:1848 | SELECT @@lower_case_table_names
2026-07-25 21:31:28 | INFO     | sqlalchemy.engine.Engine | base.py:1848 | [raw sql] {}
2026-07-25 21:31:28 | INFO     | sqlalchemy.engine.Engine | base.py:2712 | BEGIN (implicit)
2026-07-25 21:31:28 | INFO     | sqlalchemy.engine.Engine | base.py:1848 | DESCRIBE `product_db`.`Products`
2026-07-25 21:31:28 | INFO     | sqlalchemy.engine.Engine | base.py:1848 | [raw sql] {}
2026-07-25 21:31:28 | INFO     | sqlalchemy.engine.Engine | base.py:2718 | COMMIT
2026-07-25 21:33:26 | INFO     | root | logging_config.py:44 | Logging system initialized
2026-07-25 21:33:26 | INFO     | sqlalchemy.engine.Engine | base.py:1848 | SELECT DATABASE()
2026-07-25 21:33:26 | INFO     | sqlalchemy.engine.Engine | base.py:1848 | [raw sql] {}
2026-07-25 21:33:26 | INFO     | sqlalchemy.engine.Engine | base.py:1848 | SELECT @@sql_mode
2026-07-25 21:33:26 | INFO     | sqlalchemy.engine.Engine | base.py:1848 | [raw sql] {}
2026-07-25 21:33:26 | INFO     | sqlalchemy.engine.Engine | base.py:1848 | SELECT @@lower_case_table_names
2026-07-25 21:33:26 | INFO     | sqlalchemy.engine.Engine | base.py:1848 | [raw sql] {}
2026-07-25 21:33:26 | INFO     | sqlalchemy.engine.Engine | base.py:2712 | BEGIN (implicit)
2026-07-25 21:33:26 | INFO     | sqlalchemy.engine.Engine | base.py:1848 | DESCRIBE `product_db`.`Products`
2026-07-25 21:33:26 | INFO     | sqlalchemy.engine.Engine | base.py:1848 | [raw sql] {}
2026-07-25 21:33:26 | INFO     | sqlalchemy.engine.Engine | base.py:2718 | COMMIT
2026-07-25 21:33:38 | INFO     | root | logging_config.py:44 | Logging system initialized
2026-07-25 21:33:38 | INFO     | sqlalchemy.engine.Engine | base.py:1848 | SELECT DATABASE()
2026-07-25 21:33:38 | INFO     | sqlalchemy.engine.Engine | base.py:1848 | [raw sql] {}
2026-07-25 21:33:38 | INFO     | sqlalchemy.engine.Engine | base.py:1848 | SELECT @@sql_mode
2026-07-25 21:33:38 | INFO     | sqlalchemy.engine.Engine | base.py:1848 | [raw sql] {}
2026-07-25 21:33:38 | INFO     | sqlalchemy.engine.Engine | base.py:1848 | SELECT @@lower_case_table_names
2026-07-25 21:33:38 | INFO     | sqlalchemy.engine.Engine | base.py:1848 | [raw sql] {}
2026-07-25 21:33:38 | INFO     | sqlalchemy.engine.Engine | base.py:2712 | BEGIN (implicit)
2026-07-25 21:33:38 | INFO     | sqlalchemy.engine.Engine | base.py:1848 | DESCRIBE `product_db`.`Products`
2026-07-25 21:33:38 | INFO     | sqlalchemy.engine.Engine | base.py:1848 | [raw sql] {}
2026-07-25 21:33:38 | INFO     | sqlalchemy.engine.Engine | base.py:2718 | COMMIT
2026-07-25 21:34:11 | INFO     | root | logging_config.py:44 | Logging system initialized
2026-07-25 21:34:11 | INFO     | sqlalchemy.engine.Engine | base.py:1848 | SELECT DATABASE()
2026-07-25 21:34:11 | INFO     | sqlalchemy.engine.Engine | base.py:1848 | [raw sql] {}
2026-07-25 21:34:11 | INFO     | sqlalchemy.engine.Engine | base.py:1848 | SELECT @@sql_mode
2026-07-25 21:34:11 | INFO     | sqlalchemy.engine.Engine | base.py:1848 | [raw sql] {}
2026-07-25 21:34:11 | INFO     | sqlalchemy.engine.Engine | base.py:1848 | SELECT @@lower_case_table_names
2026-07-25 21:34:11 | INFO     | sqlalchemy.engine.Engine | base.py:1848 | [raw sql] {}
2026-07-25 21:34:11 | INFO     | sqlalchemy.engine.Engine | base.py:2712 | BEGIN (implicit)
2026-07-25 21:34:11 | INFO     | sqlalchemy.engine.Engine | base.py:1848 | DESCRIBE `product_db`.`Products`
2026-07-25 21:34:11 | INFO     | sqlalchemy.engine.Engine | base.py:1848 | [raw sql] {}
2026-07-25 21:34:11 | INFO     | sqlalchemy.engine.Engine | base.py:2718 | COMMIT
2026-07-25 21:34:29 | INFO     | root | logging_config.py:44 | Logging system initialized
2026-07-25 21:34:29 | INFO     | sqlalchemy.engine.Engine | base.py:1848 | SELECT DATABASE()
2026-07-25 21:34:29 | INFO     | sqlalchemy.engine.Engine | base.py:1848 | [raw sql] {}
2026-07-25 21:34:29 | INFO     | sqlalchemy.engine.Engine | base.py:1848 | SELECT @@sql_mode
2026-07-25 21:34:29 | INFO     | sqlalchemy.engine.Engine | base.py:1848 | [raw sql] {}
2026-07-25 21:34:29 | INFO     | sqlalchemy.engine.Engine | base.py:1848 | SELECT @@lower_case_table_names
2026-07-25 21:34:29 | INFO     | sqlalchemy.engine.Engine | base.py:1848 | [raw sql] {}
2026-07-25 21:34:29 | INFO     | sqlalchemy.engine.Engine | base.py:2712 | BEGIN (implicit)
2026-07-25 21:34:29 | INFO     | sqlalchemy.engine.Engine | base.py:1848 | DESCRIBE `product_db`.`Products`
2026-07-25 21:34:29 | INFO     | sqlalchemy.engine.Engine | base.py:1848 | [raw sql] {}
2026-07-25 21:34:29 | INFO     | sqlalchemy.engine.Engine | base.py:2718 | COMMIT
2026-07-25 21:35:13 | INFO     | root | logging_config.py:44 | Logging system initialized
2026-07-25 21:35:13 | INFO     | sqlalchemy.engine.Engine | base.py:1848 | SELECT DATABASE()
2026-07-25 21:35:13 | INFO     | sqlalchemy.engine.Engine | base.py:1848 | [raw sql] {}
2026-07-25 21:35:13 | INFO     | sqlalchemy.engine.Engine | base.py:1848 | SELECT @@sql_mode
2026-07-25 21:35:13 | INFO     | sqlalchemy.engine.Engine | base.py:1848 | [raw sql] {}
2026-07-25 21:35:13 | INFO     | sqlalchemy.engine.Engine | base.py:1848 | SELECT @@lower_case_table_names
2026-07-25 21:35:13 | INFO     | sqlalchemy.engine.Engine | base.py:1848 | [raw sql] {}
2026-07-25 21:35:13 | INFO     | sqlalchemy.engine.Engine | base.py:2712 | BEGIN (implicit)
2026-07-25 21:35:13 | INFO     | sqlalchemy.engine.Engine | base.py:1848 | DESCRIBE `product_db`.`Products`
2026-07-25 21:35:13 | INFO     | sqlalchemy.engine.Engine | base.py:1848 | [raw sql] {}
2026-07-25 21:35:13 | INFO     | sqlalchemy.engine.Engine | base.py:2718 | COMMIT
2026-07-25 21:35:17 | INFO     | root | logging_config.py:44 | Logging system initialized
2026-07-25 21:35:17 | INFO     | sqlalchemy.engine.Engine | base.py:1848 | SELECT DATABASE()
2026-07-25 21:35:17 | INFO     | sqlalchemy.engine.Engine | base.py:1848 | [raw sql] {}
2026-07-25 21:35:17 | INFO     | sqlalchemy.engine.Engine | base.py:1848 | SELECT @@sql_mode
2026-07-25 21:35:17 | INFO     | sqlalchemy.engine.Engine | base.py:1848 | [raw sql] {}
2026-07-25 21:35:17 | INFO     | sqlalchemy.engine.Engine | base.py:1848 | SELECT @@lower_case_table_names
2026-07-25 21:35:17 | INFO     | sqlalchemy.engine.Engine | base.py:1848 | [raw sql] {}
2026-07-25 21:35:17 | INFO     | sqlalchemy.engine.Engine | base.py:2712 | BEGIN (implicit)
2026-07-25 21:35:17 | INFO     | sqlalchemy.engine.Engine | base.py:1848 | DESCRIBE `product_db`.`Products`
2026-07-25 21:35:17 | INFO     | sqlalchemy.engine.Engine | base.py:1848 | [raw sql] {}
2026-07-25 21:35:17 | INFO     | sqlalchemy.engine.Engine | base.py:2718 | COMMIT
2026-07-25 21:35:21 | INFO     | root | logging_config.py:44 | Logging system initialized
2026-07-25 21:35:21 | INFO     | sqlalchemy.engine.Engine | base.py:1848 | SELECT DATABASE()
2026-07-25 21:35:21 | INFO     | sqlalchemy.engine.Engine | base.py:1848 | [raw sql] {}
2026-07-25 21:35:21 | INFO     | sqlalchemy.engine.Engine | base.py:1848 | SELECT @@sql_mode
2026-07-25 21:35:21 | INFO     | sqlalchemy.engine.Engine | base.py:1848 | [raw sql] {}
2026-07-25 21:35:21 | INFO     | sqlalchemy.engine.Engine | base.py:1848 | SELECT @@lower_case_table_names
2026-07-25 21:35:21 | INFO     | sqlalchemy.engine.Engine | base.py:1848 | [raw sql] {}
2026-07-25 21:35:21 | INFO     | sqlalchemy.engine.Engine | base.py:2712 | BEGIN (implicit)
2026-07-25 21:35:21 | INFO     | sqlalchemy.engine.Engine | base.py:1848 | DESCRIBE `product_db`.`Products`
2026-07-25 21:35:21 | INFO     | sqlalchemy.engine.Engine | base.py:1848 | [raw sql] {}
2026-07-25 21:35:21 | INFO     | sqlalchemy.engine.Engine | base.py:2718 | COMMIT
2026-07-25 21:35:25 | INFO     | root | logging_config.py:44 | Logging system initialized
2026-07-25 21:35:25 | INFO     | sqlalchemy.engine.Engine | base.py:1848 | SELECT DATABASE()
2026-07-25 21:35:25 | INFO     | sqlalchemy.engine.Engine | base.py:1848 | [raw sql] {}
2026-07-25 21:35:25 | INFO     | sqlalchemy.engine.Engine | base.py:1848 | SELECT @@sql_mode
2026-07-25 21:35:25 | INFO     | sqlalchemy.engine.Engine | base.py:1848 | [raw sql] {}
2026-07-25 21:35:25 | INFO     | sqlalchemy.engine.Engine | base.py:1848 | SELECT @@lower_case_table_names
2026-07-25 21:35:25 | INFO     | sqlalchemy.engine.Engine | base.py:1848 | [raw sql] {}
2026-07-25 21:35:25 | INFO     | sqlalchemy.engine.Engine | base.py:2712 | BEGIN (implicit)
2026-07-25 21:35:25 | INFO     | sqlalchemy.engine.Engine | base.py:1848 | DESCRIBE `product_db`.`Products`
2026-07-25 21:35:25 | INFO     | sqlalchemy.engine.Engine | base.py:1848 | [raw sql] {}
2026-07-25 21:35:25 | INFO     | sqlalchemy.engine.Engine | base.py:2718 | COMMIT
2026-07-25 21:35:27 | INFO     | root | logging_config.py:44 | Logging system initialized
2026-07-25 21:35:27 | INFO     | sqlalchemy.engine.Engine | base.py:1848 | SELECT DATABASE()
2026-07-25 21:35:27 | INFO     | sqlalchemy.engine.Engine | base.py:1848 | [raw sql] {}
2026-07-25 21:35:27 | INFO     | sqlalchemy.engine.Engine | base.py:1848 | SELECT @@sql_mode
2026-07-25 21:35:27 | INFO     | sqlalchemy.engine.Engine | base.py:1848 | [raw sql] {}
2026-07-25 21:35:27 | INFO     | sqlalchemy.engine.Engine | base.py:1848 | SELECT @@lower_case_table_names
2026-07-25 21:35:27 | INFO     | sqlalchemy.engine.Engine | base.py:1848 | [raw sql] {}
2026-07-25 21:35:27 | INFO     | sqlalchemy.engine.Engine | base.py:2712 | BEGIN (implicit)
2026-07-25 21:35:27 | INFO     | sqlalchemy.engine.Engine | base.py:1848 | DESCRIBE `product_db`.`Products`
2026-07-25 21:35:27 | INFO     | sqlalchemy.engine.Engine | base.py:1848 | [raw sql] {}
2026-07-25 21:35:27 | INFO     | sqlalchemy.engine.Engine | base.py:2718 | COMMIT
2026-07-25 21:35:35 | INFO     | root | logging_config.py:44 | Logging system initialized
2026-07-25 21:35:35 | INFO     | sqlalchemy.engine.Engine | base.py:1848 | SELECT DATABASE()
2026-07-25 21:35:35 | INFO     | sqlalchemy.engine.Engine | base.py:1848 | [raw sql] {}
2026-07-25 21:35:35 | INFO     | sqlalchemy.engine.Engine | base.py:1848 | SELECT @@sql_mode
2026-07-25 21:35:35 | INFO     | sqlalchemy.engine.Engine | base.py:1848 | [raw sql] {}
2026-07-25 21:35:35 | INFO     | sqlalchemy.engine.Engine | base.py:1848 | SELECT @@lower_case_table_names
2026-07-25 21:35:35 | INFO     | sqlalchemy.engine.Engine | base.py:1848 | [raw sql] {}
2026-07-25 21:35:35 | INFO     | sqlalchemy.engine.Engine | base.py:2712 | BEGIN (implicit)
2026-07-25 21:35:35 | INFO     | sqlalchemy.engine.Engine | base.py:1848 | DESCRIBE `product_db`.`Products`
2026-07-25 21:35:35 | INFO     | sqlalchemy.engine.Engine | base.py:1848 | [raw sql] {}
2026-07-25 21:35:35 | INFO     | sqlalchemy.engine.Engine | base.py:2718 | COMMIT
2026-07-25 21:36:11 | INFO     | app.services.product_service | product_service.py:36 | Updating product with ID 1
2026-07-25 21:36:11 | INFO     | app.repositories.product_repository | product_repository.py:73 | Updating product with ID 1
2026-07-25 21:36:11 | INFO     | app.repositories.product_repository | product_repository.py:29 | Fetching product with ID 1
2026-07-25 21:36:11 | INFO     | sqlalchemy.engine.Engine | base.py:2712 | BEGIN (implicit)
2026-07-25 21:36:11 | INFO     | sqlalchemy.engine.Engine | base.py:1848 | SELECT `Products`.id, `Products`.name, `Products`.price, `Products`.quantity 
FROM `Products` 
WHERE `Products`.id = %(id_1)s
2026-07-25 21:36:11 | INFO     | sqlalchemy.engine.Engine | base.py:1848 | [generated in 0.00136s] {'id_1': 1}
2026-07-25 21:36:12 | INFO     | app.repositories.product_repository | product_repository.py:38 | Product found with ID 1
2026-07-25 21:36:12 | DEBUG    | app.repositories.product_repository | product_repository.py:79 | Applying request field updates
2026-07-25 21:36:12 | DEBUG    | app.repositories.product_repository | product_repository.py:88 | Field updates applied successfully
2026-07-25 21:36:12 | DEBUG    | app.repositories.product_repository | product_repository.py:90 | Committing changes to database
2026-07-25 21:36:12 | INFO     | sqlalchemy.engine.Engine | base.py:1848 | UPDATE `Products` SET name=%(name)s, price=%(price)s, quantity=%(quantity)s WHERE `Products`.id = %(Products_id)s
2026-07-25 21:36:12 | INFO     | sqlalchemy.engine.Engine | base.py:1848 | [generated in 0.00151s] {'name': 'reshmadfd34', 'price': Decimal('1'), 'quantity': 0, 'Products_id': 1}
2026-07-25 21:36:12 | INFO     | sqlalchemy.engine.Engine | base.py:2718 | COMMIT
2026-07-25 21:36:12 | ERROR    | app.repositories.product_repository | product_repository.py:106 | Database error while updateting product
Traceback (most recent call last):
  File "C:\Users\Akhilesh\Vikas_Computer_Science\software-engineering-journey\backend_engineering_projects\projects\inventory-order-management-api\app\repositories\product_repository.py", line 94, in update_product
    raise Exception("Regresh failed")
Exception: Regresh failed
2026-07-25 21:36:12 | ERROR    | app.handlers.global_handler | global_handler.py:10 | Unexpected error occurred
Traceback (most recent call last):
  File "C:\Users\Akhilesh\Vikas_Computer_Science\software-engineering-journey\backend_engineering_projects\projects\inventory-order-management-api\venv\Lib\site-packages\starlette\middleware\errors.py", line 164, in __call__
    await self.app(scope, receive, _send)
  File "C:\Users\Akhilesh\Vikas_Computer_Science\software-engineering-journey\backend_engineering_projects\projects\inventory-order-management-api\venv\Lib\site-packages\starlette\middleware\exceptions.py", line 63, in __call__
    await wrap_app_handling_exceptions(self.app, conn)(scope, receive, send)
  File "C:\Users\Akhilesh\Vikas_Computer_Science\software-engineering-journey\backend_engineering_projects\projects\inventory-order-management-api\venv\Lib\site-packages\starlette\_exception_handler.py", line 53, in wrapped_app
    raise exc
  File "C:\Users\Akhilesh\Vikas_Computer_Science\software-engineering-journey\backend_engineering_projects\projects\inventory-order-management-api\venv\Lib\site-packages\starlette\_exception_handler.py", line 42, in wrapped_app
    await app(scope, receive, sender)
  File "C:\Users\Akhilesh\Vikas_Computer_Science\software-engineering-journey\backend_engineering_projects\projects\inventory-order-management-api\venv\Lib\site-packages\fastapi\middleware\asyncexitstack.py", line 18, in __call__
    await self.app(scope, receive, send)
  File "C:\Users\Akhilesh\Vikas_Computer_Science\software-engineering-journey\backend_engineering_projects\projects\inventory-order-management-api\venv\Lib\site-packages\starlette\routing.py", line 660, in __call__
    await self.middleware_stack(scope, receive, send)
  File "C:\Users\Akhilesh\Vikas_Computer_Science\software-engineering-journey\backend_engineering_projects\projects\inventory-order-management-api\venv\Lib\site-packages\fastapi\routing.py", line 2683, in app
    await route.handle(scope, receive, send)
  File "C:\Users\Akhilesh\Vikas_Computer_Science\software-engineering-journey\backend_engineering_projects\projects\inventory-order-management-api\venv\Lib\site-packages\fastapi\routing.py", line 1753, in handle
    await self.original_router.handle(scope, receive, send)
  File "C:\Users\Akhilesh\Vikas_Computer_Science\software-engineering-journey\backend_engineering_projects\projects\inventory-order-management-api\venv\Lib\site-packages\fastapi\routing.py", line 2738, in handle
    await included_router._handle_selected(scope, receive, send)
  File "C:\Users\Akhilesh\Vikas_Computer_Science\software-engineering-journey\backend_engineering_projects\projects\inventory-order-management-api\venv\Lib\site-packages\fastapi\routing.py", line 1773, in _handle_selected
    await original_route.handle(scope, receive, send)
  File "C:\Users\Akhilesh\Vikas_Computer_Science\software-engineering-journey\backend_engineering_projects\projects\inventory-order-management-api\venv\Lib\site-packages\fastapi\routing.py", line 1264, in handle
    await app(scope, receive, send)
  File "C:\Users\Akhilesh\Vikas_Computer_Science\software-engineering-journey\backend_engineering_projects\projects\inventory-order-management-api\venv\Lib\site-packages\fastapi\routing.py", line 150, in app
    await wrap_app_handling_exceptions(app, request)(scope, receive, send)
  File "C:\Users\Akhilesh\Vikas_Computer_Science\software-engineering-journey\backend_engineering_projects\projects\inventory-order-management-api\venv\Lib\site-packages\starlette\_exception_handler.py", line 53, in wrapped_app
    raise exc
  File "C:\Users\Akhilesh\Vikas_Computer_Science\software-engineering-journey\backend_engineering_projects\projects\inventory-order-management-api\venv\Lib\site-packages\starlette\_exception_handler.py", line 42, in wrapped_app
    await app(scope, receive, sender)
  File "C:\Users\Akhilesh\Vikas_Computer_Science\software-engineering-journey\backend_engineering_projects\projects\inventory-order-management-api\venv\Lib\site-packages\fastapi\routing.py", line 136, in app
    response = await f(request)
               ^^^^^^^^^^^^^^^^
  File "C:\Users\Akhilesh\Vikas_Computer_Science\software-engineering-journey\backend_engineering_projects\projects\inventory-order-management-api\venv\Lib\site-packages\fastapi\routing.py", line 690, in app
    raw_response = await run_endpoint_function(
                   ^^^^^^^^^^^^^^^^^^^^^^^^^^^^
    ...<3 lines>...
    )
    ^
  File "C:\Users\Akhilesh\Vikas_Computer_Science\software-engineering-journey\backend_engineering_projects\projects\inventory-order-management-api\venv\Lib\site-packages\fastapi\routing.py", line 346, in run_endpoint_function
    return await run_in_threadpool(dependant.call, **values)
           ^^^^^^^^^^^^^^^^^^^^^^^^^^^^^^^^^^^^^^^^^^^^^^^^^
  File "C:\Users\Akhilesh\Vikas_Computer_Science\software-engineering-journey\backend_engineering_projects\projects\inventory-order-management-api\venv\Lib\site-packages\starlette\concurrency.py", line 34, in run_in_threadpool
    return await anyio.to_thread.run_sync(func)
           ^^^^^^^^^^^^^^^^^^^^^^^^^^^^^^^^^^^^
  File "C:\Users\Akhilesh\Vikas_Computer_Science\software-engineering-journey\backend_engineering_projects\projects\inventory-order-management-api\venv\Lib\site-packages\anyio\to_thread.py", line 63, in run_sync
    return await get_async_backend().run_sync_in_worker_thread(
           ^^^^^^^^^^^^^^^^^^^^^^^^^^^^^^^^^^^^^^^^^^^^^^^^^^^^
        func, args, abandon_on_cancel=abandon_on_cancel, limiter=limiter
        ^^^^^^^^^^^^^^^^^^^^^^^^^^^^^^^^^^^^^^^^^^^^^^^^^^^^^^^^^^^^^^^^
    )
    ^
  File "C:\Users\Akhilesh\Vikas_Computer_Science\software-engineering-journey\backend_engineering_projects\projects\inventory-order-management-api\venv\Lib\site-packages\anyio\_backends\_asyncio.py", line 2596, in run_sync_in_worker_thread
    return await future
           ^^^^^^^^^^^^
  File "C:\Users\Akhilesh\Vikas_Computer_Science\software-engineering-journey\backend_engineering_projects\projects\inventory-order-management-api\venv\Lib\site-packages\anyio\_backends\_asyncio.py", line 1029, in run
    result = context.run(func, *args)
  File "C:\Users\Akhilesh\Vikas_Computer_Science\software-engineering-journey\backend_engineering_projects\projects\inventory-order-management-api\app\routers\product_router.py", line 42, in update_product
    return service.update_product(id,product)
           ~~~~~~~~~~~~~~~~~~~~~~^^^^^^^^^^^^
  File "C:\Users\Akhilesh\Vikas_Computer_Science\software-engineering-journey\backend_engineering_projects\projects\inventory-order-management-api\app\services\product_service.py", line 37, in update_product
    update_product = self.repository.update_product(id,product)
  File "C:\Users\Akhilesh\Vikas_Computer_Science\software-engineering-journey\backend_engineering_projects\projects\inventory-order-management-api\app\repositories\product_repository.py", line 94, in update_product
    raise Exception("Regresh failed")
Exception: Regresh failed
2026-07-25 21:36:51 | INFO     | root | logging_config.py:44 | Logging system initialized
2026-07-25 21:36:51 | INFO     | sqlalchemy.engine.Engine | base.py:1848 | SELECT DATABASE()
2026-07-25 21:36:51 | INFO     | sqlalchemy.engine.Engine | base.py:1848 | [raw sql] {}
2026-07-25 21:36:51 | INFO     | sqlalchemy.engine.Engine | base.py:1848 | SELECT @@sql_mode
2026-07-25 21:36:51 | INFO     | sqlalchemy.engine.Engine | base.py:1848 | [raw sql] {}
2026-07-25 21:36:51 | INFO     | sqlalchemy.engine.Engine | base.py:1848 | SELECT @@lower_case_table_names
2026-07-25 21:36:51 | INFO     | sqlalchemy.engine.Engine | base.py:1848 | [raw sql] {}
2026-07-25 21:36:51 | INFO     | sqlalchemy.engine.Engine | base.py:2712 | BEGIN (implicit)
2026-07-25 21:36:51 | INFO     | sqlalchemy.engine.Engine | base.py:1848 | DESCRIBE `product_db`.`Products`
2026-07-25 21:36:51 | INFO     | sqlalchemy.engine.Engine | base.py:1848 | [raw sql] {}
2026-07-25 21:36:51 | INFO     | sqlalchemy.engine.Engine | base.py:2718 | COMMIT
2026-07-25 21:37:01 | INFO     | app.services.product_service | product_service.py:15 | Getting all products
2026-07-25 21:37:01 | INFO     | app.repositories.product_repository | product_repository.py:22 | Fetching all products from database
2026-07-25 21:37:01 | INFO     | sqlalchemy.engine.Engine | base.py:2712 | BEGIN (implicit)
2026-07-25 21:37:01 | INFO     | sqlalchemy.engine.Engine | base.py:1848 | SELECT `Products`.id, `Products`.name, `Products`.price, `Products`.quantity 
FROM `Products`
2026-07-25 21:37:01 | INFO     | sqlalchemy.engine.Engine | base.py:1848 | [generated in 0.00131s] {}
2026-07-25 21:37:01 | INFO     | app.services.product_service | product_service.py:17 | Product retrieved successfully
2026-07-25 21:37:01 | INFO     | sqlalchemy.engine.Engine | base.py:2715 | ROLLBACK
2026-07-25 21:37:50 | INFO     | app.services.product_service | product_service.py:36 | Updating product with ID 1
2026-07-25 21:37:50 | INFO     | app.repositories.product_repository | product_repository.py:73 | Updating product with ID 1
2026-07-25 21:37:50 | INFO     | app.repositories.product_repository | product_repository.py:29 | Fetching product with ID 1
2026-07-25 21:37:50 | INFO     | sqlalchemy.engine.Engine | base.py:2712 | BEGIN (implicit)
2026-07-25 21:37:50 | INFO     | sqlalchemy.engine.Engine | base.py:1848 | SELECT `Products`.id, `Products`.name, `Products`.price, `Products`.quantity 
FROM `Products` 
WHERE `Products`.id = %(id_1)s
2026-07-25 21:37:50 | INFO     | sqlalchemy.engine.Engine | base.py:1848 | [generated in 0.00106s] {'id_1': 1}
2026-07-25 21:37:50 | INFO     | app.repositories.product_repository | product_repository.py:38 | Product found with ID 1
2026-07-25 21:37:50 | DEBUG    | app.repositories.product_repository | product_repository.py:79 | Applying request field updates
2026-07-25 21:37:50 | DEBUG    | app.repositories.product_repository | product_repository.py:88 | Field updates applied successfully
2026-07-25 21:37:50 | DEBUG    | app.repositories.product_repository | product_repository.py:90 | Committing changes to database
2026-07-25 21:37:50 | INFO     | sqlalchemy.engine.Engine | base.py:1848 | UPDATE `Products` SET quantity=%(quantity)s WHERE `Products`.id = %(Products_id)s
2026-07-25 21:37:50 | INFO     | sqlalchemy.engine.Engine | base.py:1848 | [generated in 0.00080s] {'quantity': 23, 'Products_id': 1}
2026-07-25 21:37:50 | INFO     | sqlalchemy.engine.Engine | base.py:2718 | COMMIT
2026-07-25 21:37:50 | DEBUG    | app.repositories.product_repository | product_repository.py:95 | Refreshing product 1 from database
2026-07-25 21:37:50 | INFO     | sqlalchemy.engine.Engine | base.py:2712 | BEGIN (implicit)
2026-07-25 21:37:50 | INFO     | sqlalchemy.engine.Engine | base.py:1848 | SELECT `Products`.id, `Products`.name, `Products`.price, `Products`.quantity 
FROM `Products` 
WHERE `Products`.id = %(pk_1)s
2026-07-25 21:37:50 | INFO     | sqlalchemy.engine.Engine | base.py:1848 | [generated in 0.00053s] {'pk_1': 1}
2026-07-25 21:37:50 | INFO     | app.repositories.product_repository | product_repository.py:99 | Product 1 updated successfully
2026-07-25 21:37:50 | INFO     | app.services.product_service | product_service.py:38 | Product with ID 1 updated successfully
2026-07-25 21:37:50 | INFO     | sqlalchemy.engine.Engine | base.py:2715 | ROLLBACK
2026-07-25 21:38:16 | INFO     | app.services.product_service | product_service.py:21 | Getting product with ID 1
2026-07-25 21:38:16 | INFO     | app.repositories.product_repository | product_repository.py:29 | Fetching product with ID 1
2026-07-25 21:38:16 | INFO     | sqlalchemy.engine.Engine | base.py:2712 | BEGIN (implicit)
2026-07-25 21:38:16 | INFO     | sqlalchemy.engine.Engine | base.py:1848 | SELECT `Products`.id, `Products`.name, `Products`.price, `Products`.quantity 
FROM `Products` 
WHERE `Products`.id = %(id_1)s
2026-07-25 21:38:16 | INFO     | sqlalchemy.engine.Engine | base.py:1848 | [cached since 25.98s ago] {'id_1': 1}
2026-07-25 21:38:16 | INFO     | app.repositories.product_repository | product_repository.py:38 | Product found with ID 1
2026-07-25 21:38:16 | INFO     | app.services.product_service | product_service.py:23 | Getting product with ID 1 successfully
2026-07-25 21:38:16 | INFO     | sqlalchemy.engine.Engine | base.py:2715 | ROLLBACK
2026-07-26 21:23:39 | INFO     | root | logging_config.py:44 | Logging system initialized
2026-07-26 21:23:40 | INFO     | sqlalchemy.engine.Engine | base.py:1848 | SELECT DATABASE()
2026-07-26 21:23:40 | INFO     | sqlalchemy.engine.Engine | base.py:1848 | [raw sql] {}
2026-07-26 21:23:40 | INFO     | sqlalchemy.engine.Engine | base.py:1848 | SELECT @@sql_mode
2026-07-26 21:23:40 | INFO     | sqlalchemy.engine.Engine | base.py:1848 | [raw sql] {}
2026-07-26 21:23:40 | INFO     | sqlalchemy.engine.Engine | base.py:1848 | SELECT @@lower_case_table_names
2026-07-26 21:23:40 | INFO     | sqlalchemy.engine.Engine | base.py:1848 | [raw sql] {}
2026-07-26 21:23:40 | INFO     | sqlalchemy.engine.Engine | base.py:2712 | BEGIN (implicit)
2026-07-26 21:23:40 | INFO     | sqlalchemy.engine.Engine | base.py:1848 | DESCRIBE `product_db`.`Products`
2026-07-26 21:23:40 | INFO     | sqlalchemy.engine.Engine | base.py:1848 | [raw sql] {}
2026-07-26 21:23:40 | INFO     | sqlalchemy.engine.Engine | base.py:2718 | COMMIT
2026-07-26 21:26:06 | INFO     | root | logging_config.py:44 | Logging system initialized
2026-07-26 21:26:06 | INFO     | sqlalchemy.engine.Engine | base.py:1848 | SELECT DATABASE()
2026-07-26 21:26:06 | INFO     | sqlalchemy.engine.Engine | base.py:1848 | [raw sql] {}
2026-07-26 21:26:06 | INFO     | sqlalchemy.engine.Engine | base.py:1848 | SELECT @@sql_mode
2026-07-26 21:26:06 | INFO     | sqlalchemy.engine.Engine | base.py:1848 | [raw sql] {}
2026-07-26 21:26:06 | INFO     | sqlalchemy.engine.Engine | base.py:1848 | SELECT @@lower_case_table_names
2026-07-26 21:26:06 | INFO     | sqlalchemy.engine.Engine | base.py:1848 | [raw sql] {}
2026-07-26 21:26:06 | INFO     | sqlalchemy.engine.Engine | base.py:2712 | BEGIN (implicit)
2026-07-26 21:26:06 | INFO     | sqlalchemy.engine.Engine | base.py:1848 | DESCRIBE `product_db`.`Products`
2026-07-26 21:26:06 | INFO     | sqlalchemy.engine.Engine | base.py:1848 | [raw sql] {}
2026-07-26 21:26:06 | INFO     | sqlalchemy.engine.Engine | base.py:2718 | COMMIT
2026-07-26 21:26:20 | INFO     | root | logging_config.py:44 | Logging system initialized
2026-07-26 21:26:20 | INFO     | sqlalchemy.engine.Engine | base.py:1848 | SELECT DATABASE()
2026-07-26 21:26:20 | INFO     | sqlalchemy.engine.Engine | base.py:1848 | [raw sql] {}
2026-07-26 21:26:20 | INFO     | sqlalchemy.engine.Engine | base.py:1848 | SELECT @@sql_mode
2026-07-26 21:26:20 | INFO     | sqlalchemy.engine.Engine | base.py:1848 | [raw sql] {}
2026-07-26 21:26:20 | INFO     | sqlalchemy.engine.Engine | base.py:1848 | SELECT @@lower_case_table_names
2026-07-26 21:26:20 | INFO     | sqlalchemy.engine.Engine | base.py:1848 | [raw sql] {}
2026-07-26 21:26:20 | INFO     | sqlalchemy.engine.Engine | base.py:2712 | BEGIN (implicit)
2026-07-26 21:26:20 | INFO     | sqlalchemy.engine.Engine | base.py:1848 | DESCRIBE `product_db`.`Products`
2026-07-26 21:26:20 | INFO     | sqlalchemy.engine.Engine | base.py:1848 | [raw sql] {}
2026-07-26 21:26:20 | INFO     | sqlalchemy.engine.Engine | base.py:1848 | DESCRIBE `product_db`.`Categories`
2026-07-26 21:26:20 | INFO     | sqlalchemy.engine.Engine | base.py:1848 | [raw sql] {}
2026-07-26 21:26:20 | INFO     | sqlalchemy.engine.Engine | base.py:1848 | 
CREATE TABLE `Categories` (
	id INTEGER NOT NULL AUTO_INCREMENT, 
	name VARCHAR(100) NOT NULL, 
	PRIMARY KEY (id), 
	UNIQUE (name)
)


2026-07-26 21:26:20 | INFO     | sqlalchemy.engine.Engine | base.py:1848 | [no key 0.00083s] {}
2026-07-26 21:26:20 | INFO     | sqlalchemy.engine.Engine | base.py:2718 | COMMIT
2026-07-26 21:31:23 | INFO     | root | logging_config.py:44 | Logging system initialized
2026-07-26 21:31:23 | INFO     | sqlalchemy.engine.Engine | base.py:1848 | SELECT DATABASE()
2026-07-26 21:31:23 | INFO     | sqlalchemy.engine.Engine | base.py:1848 | [raw sql] {}
2026-07-26 21:31:23 | INFO     | sqlalchemy.engine.Engine | base.py:1848 | SELECT @@sql_mode
2026-07-26 21:31:23 | INFO     | sqlalchemy.engine.Engine | base.py:1848 | [raw sql] {}
2026-07-26 21:31:23 | INFO     | sqlalchemy.engine.Engine | base.py:1848 | SELECT @@lower_case_table_names
2026-07-26 21:31:23 | INFO     | sqlalchemy.engine.Engine | base.py:1848 | [raw sql] {}
2026-07-26 21:31:23 | INFO     | sqlalchemy.engine.Engine | base.py:2712 | BEGIN (implicit)
2026-07-26 21:31:23 | INFO     | sqlalchemy.engine.Engine | base.py:1848 | DESCRIBE `product_db`.`Products`
2026-07-26 21:31:23 | INFO     | sqlalchemy.engine.Engine | base.py:1848 | [raw sql] {}
2026-07-26 21:31:23 | INFO     | sqlalchemy.engine.Engine | base.py:1848 | DESCRIBE `product_db`.`Categories`
2026-07-26 21:31:23 | INFO     | sqlalchemy.engine.Engine | base.py:1848 | [raw sql] {}
2026-07-26 21:31:23 | INFO     | sqlalchemy.engine.Engine | base.py:2718 | COMMIT
2026-07-26 21:34:03 | INFO     | root | logging_config.py:44 | Logging system initialized
2026-07-26 21:34:03 | INFO     | sqlalchemy.engine.Engine | base.py:1848 | SELECT DATABASE()
2026-07-26 21:34:03 | INFO     | sqlalchemy.engine.Engine | base.py:1848 | [raw sql] {}
2026-07-26 21:34:03 | INFO     | sqlalchemy.engine.Engine | base.py:1848 | SELECT @@sql_mode
2026-07-26 21:34:03 | INFO     | sqlalchemy.engine.Engine | base.py:1848 | [raw sql] {}
2026-07-26 21:34:03 | INFO     | sqlalchemy.engine.Engine | base.py:1848 | SELECT @@lower_case_table_names
2026-07-26 21:34:03 | INFO     | sqlalchemy.engine.Engine | base.py:1848 | [raw sql] {}
2026-07-26 21:34:03 | INFO     | sqlalchemy.engine.Engine | base.py:2712 | BEGIN (implicit)
2026-07-26 21:34:03 | INFO     | sqlalchemy.engine.Engine | base.py:1848 | DESCRIBE `product_db`.`Products`
2026-07-26 21:34:03 | INFO     | sqlalchemy.engine.Engine | base.py:1848 | [raw sql] {}
2026-07-26 21:34:03 | INFO     | sqlalchemy.engine.Engine | base.py:1848 | DESCRIBE `product_db`.`Categories`
2026-07-26 21:34:03 | INFO     | sqlalchemy.engine.Engine | base.py:1848 | [raw sql] {}
2026-07-26 21:34:03 | INFO     | sqlalchemy.engine.Engine | base.py:2718 | COMMIT
2026-07-26 21:34:05 | INFO     | root | logging_config.py:44 | Logging system initialized
2026-07-26 21:34:05 | INFO     | sqlalchemy.engine.Engine | base.py:1848 | SELECT DATABASE()
2026-07-26 21:34:05 | INFO     | sqlalchemy.engine.Engine | base.py:1848 | [raw sql] {}
2026-07-26 21:34:05 | INFO     | sqlalchemy.engine.Engine | base.py:1848 | SELECT @@sql_mode
2026-07-26 21:34:05 | INFO     | sqlalchemy.engine.Engine | base.py:1848 | [raw sql] {}
2026-07-26 21:34:05 | INFO     | sqlalchemy.engine.Engine | base.py:1848 | SELECT @@lower_case_table_names
2026-07-26 21:34:05 | INFO     | sqlalchemy.engine.Engine | base.py:1848 | [raw sql] {}
2026-07-26 21:34:05 | INFO     | sqlalchemy.engine.Engine | base.py:2712 | BEGIN (implicit)
2026-07-26 21:34:05 | INFO     | sqlalchemy.engine.Engine | base.py:1848 | DESCRIBE `product_db`.`Products`
2026-07-26 21:34:05 | INFO     | sqlalchemy.engine.Engine | base.py:1848 | [raw sql] {}
2026-07-26 21:34:05 | INFO     | sqlalchemy.engine.Engine | base.py:1848 | DESCRIBE `product_db`.`Categories`
2026-07-26 21:34:05 | INFO     | sqlalchemy.engine.Engine | base.py:1848 | [raw sql] {}
2026-07-26 21:34:05 | INFO     | sqlalchemy.engine.Engine | base.py:2718 | COMMIT
2026-07-26 21:45:56 | INFO     | root | logging_config.py:44 | Logging system initialized
2026-07-26 21:45:56 | INFO     | sqlalchemy.engine.Engine | base.py:1848 | SELECT DATABASE()
2026-07-26 21:45:56 | INFO     | sqlalchemy.engine.Engine | base.py:1848 | [raw sql] {}
2026-07-26 21:45:56 | INFO     | sqlalchemy.engine.Engine | base.py:1848 | SELECT @@sql_mode
2026-07-26 21:45:56 | INFO     | sqlalchemy.engine.Engine | base.py:1848 | [raw sql] {}
2026-07-26 21:45:56 | INFO     | sqlalchemy.engine.Engine | base.py:1848 | SELECT @@lower_case_table_names
2026-07-26 21:45:56 | INFO     | sqlalchemy.engine.Engine | base.py:1848 | [raw sql] {}
2026-07-26 21:45:56 | INFO     | sqlalchemy.engine.Engine | base.py:2712 | BEGIN (implicit)
2026-07-26 21:45:56 | INFO     | sqlalchemy.engine.Engine | base.py:1848 | DESCRIBE `product_db`.`Products`
2026-07-26 21:45:56 | INFO     | sqlalchemy.engine.Engine | base.py:1848 | [raw sql] {}
2026-07-26 21:45:56 | INFO     | sqlalchemy.engine.Engine | base.py:1848 | DESCRIBE `product_db`.`Categories`
2026-07-26 21:45:56 | INFO     | sqlalchemy.engine.Engine | base.py:1848 | [raw sql] {}
2026-07-26 21:45:56 | INFO     | sqlalchemy.engine.Engine | base.py:1848 | 
CREATE TABLE `Categories` (
	id INTEGER NOT NULL AUTO_INCREMENT, 
	name VARCHAR(100) NOT NULL, 
	PRIMARY KEY (id), 
	UNIQUE (name)
)


2026-07-26 21:45:56 | INFO     | sqlalchemy.engine.Engine | base.py:1848 | [no key 0.00057s] {}
2026-07-26 21:45:56 | INFO     | sqlalchemy.engine.Engine | base.py:1848 | 
CREATE TABLE `Products` (
	id INTEGER NOT NULL AUTO_INCREMENT, 
	name VARCHAR(100) NOT NULL, 
	price NUMERIC(10, 2) NOT NULL, 
	quantity INTEGER NOT NULL, 
	category_id INTEGER NOT NULL, 
	PRIMARY KEY (id), 
	FOREIGN KEY(category_id) REFERENCES `Categories` (id) ON DELETE RESTRICT
)


2026-07-26 21:45:56 | INFO     | sqlalchemy.engine.Engine | base.py:1848 | [no key 0.00073s] {}
2026-07-26 21:45:56 | INFO     | sqlalchemy.engine.Engine | base.py:2718 | COMMIT
2026-07-26 21:50:17 | INFO     | root | logging_config.py:44 | Logging system initialized
2026-07-26 21:50:17 | INFO     | sqlalchemy.engine.Engine | base.py:1848 | SELECT DATABASE()
2026-07-26 21:50:17 | INFO     | sqlalchemy.engine.Engine | base.py:1848 | [raw sql] {}
2026-07-26 21:50:17 | INFO     | sqlalchemy.engine.Engine | base.py:1848 | SELECT @@sql_mode
2026-07-26 21:50:17 | INFO     | sqlalchemy.engine.Engine | base.py:1848 | [raw sql] {}
2026-07-26 21:50:17 | INFO     | sqlalchemy.engine.Engine | base.py:1848 | SELECT @@lower_case_table_names
2026-07-26 21:50:17 | INFO     | sqlalchemy.engine.Engine | base.py:1848 | [raw sql] {}
2026-07-26 21:50:17 | INFO     | sqlalchemy.engine.Engine | base.py:2712 | BEGIN (implicit)
2026-07-26 21:50:17 | INFO     | sqlalchemy.engine.Engine | base.py:1848 | DESCRIBE `product_db`.`Products`
2026-07-26 21:50:17 | INFO     | sqlalchemy.engine.Engine | base.py:1848 | [raw sql] {}
2026-07-26 21:50:17 | INFO     | sqlalchemy.engine.Engine | base.py:1848 | DESCRIBE `product_db`.`Categories`
2026-07-26 21:50:17 | INFO     | sqlalchemy.engine.Engine | base.py:1848 | [raw sql] {}
2026-07-26 21:50:17 | INFO     | sqlalchemy.engine.Engine | base.py:2718 | COMMIT
2026-07-26 21:50:26 | INFO     | root | logging_config.py:44 | Logging system initialized
2026-07-26 21:50:26 | INFO     | sqlalchemy.engine.Engine | base.py:1848 | SELECT DATABASE()
2026-07-26 21:50:26 | INFO     | sqlalchemy.engine.Engine | base.py:1848 | [raw sql] {}
2026-07-26 21:50:26 | INFO     | sqlalchemy.engine.Engine | base.py:1848 | SELECT @@sql_mode
2026-07-26 21:50:26 | INFO     | sqlalchemy.engine.Engine | base.py:1848 | [raw sql] {}
2026-07-26 21:50:26 | INFO     | sqlalchemy.engine.Engine | base.py:1848 | SELECT @@lower_case_table_names
2026-07-26 21:50:26 | INFO     | sqlalchemy.engine.Engine | base.py:1848 | [raw sql] {}
2026-07-26 21:50:26 | INFO     | sqlalchemy.engine.Engine | base.py:2712 | BEGIN (implicit)
2026-07-26 21:50:26 | INFO     | sqlalchemy.engine.Engine | base.py:1848 | DESCRIBE `product_db`.`Products`
2026-07-26 21:50:26 | INFO     | sqlalchemy.engine.Engine | base.py:1848 | [raw sql] {}
2026-07-26 21:50:26 | INFO     | sqlalchemy.engine.Engine | base.py:1848 | DESCRIBE `product_db`.`Categories`
2026-07-26 21:50:26 | INFO     | sqlalchemy.engine.Engine | base.py:1848 | [raw sql] {}
2026-07-26 21:50:26 | INFO     | sqlalchemy.engine.Engine | base.py:2718 | COMMIT
2026-07-26 21:50:28 | INFO     | root | logging_config.py:44 | Logging system initialized
2026-07-26 21:50:28 | INFO     | sqlalchemy.engine.Engine | base.py:1848 | SELECT DATABASE()
2026-07-26 21:50:28 | INFO     | sqlalchemy.engine.Engine | base.py:1848 | [raw sql] {}
2026-07-26 21:50:28 | INFO     | sqlalchemy.engine.Engine | base.py:1848 | SELECT @@sql_mode
2026-07-26 21:50:28 | INFO     | sqlalchemy.engine.Engine | base.py:1848 | [raw sql] {}
2026-07-26 21:50:28 | INFO     | sqlalchemy.engine.Engine | base.py:1848 | SELECT @@lower_case_table_names
2026-07-26 21:50:28 | INFO     | sqlalchemy.engine.Engine | base.py:1848 | [raw sql] {}
2026-07-26 21:50:28 | INFO     | sqlalchemy.engine.Engine | base.py:2712 | BEGIN (implicit)
2026-07-26 21:50:28 | INFO     | sqlalchemy.engine.Engine | base.py:1848 | DESCRIBE `product_db`.`Products`
2026-07-26 21:50:28 | INFO     | sqlalchemy.engine.Engine | base.py:1848 | [raw sql] {}
2026-07-26 21:50:28 | INFO     | sqlalchemy.engine.Engine | base.py:1848 | DESCRIBE `product_db`.`Categories`
2026-07-26 21:50:28 | INFO     | sqlalchemy.engine.Engine | base.py:1848 | [raw sql] {}
2026-07-26 21:50:28 | INFO     | sqlalchemy.engine.Engine | base.py:2718 | COMMIT
2026-07-26 21:50:36 | INFO     | root | logging_config.py:44 | Logging system initialized
2026-07-26 21:50:36 | INFO     | sqlalchemy.engine.Engine | base.py:1848 | SELECT DATABASE()
2026-07-26 21:50:36 | INFO     | sqlalchemy.engine.Engine | base.py:1848 | [raw sql] {}
2026-07-26 21:50:36 | INFO     | sqlalchemy.engine.Engine | base.py:1848 | SELECT @@sql_mode
2026-07-26 21:50:36 | INFO     | sqlalchemy.engine.Engine | base.py:1848 | [raw sql] {}
2026-07-26 21:50:36 | INFO     | sqlalchemy.engine.Engine | base.py:1848 | SELECT @@lower_case_table_names
2026-07-26 21:50:36 | INFO     | sqlalchemy.engine.Engine | base.py:1848 | [raw sql] {}
2026-07-26 21:50:36 | INFO     | sqlalchemy.engine.Engine | base.py:2712 | BEGIN (implicit)
2026-07-26 21:50:36 | INFO     | sqlalchemy.engine.Engine | base.py:1848 | DESCRIBE `product_db`.`Products`
2026-07-26 21:50:36 | INFO     | sqlalchemy.engine.Engine | base.py:1848 | [raw sql] {}
2026-07-26 21:50:36 | INFO     | sqlalchemy.engine.Engine | base.py:1848 | DESCRIBE `product_db`.`Categories`
2026-07-26 21:50:36 | INFO     | sqlalchemy.engine.Engine | base.py:1848 | [raw sql] {}
2026-07-26 21:50:36 | INFO     | sqlalchemy.engine.Engine | base.py:2718 | COMMIT
2026-07-26 21:50:45 | INFO     | root | logging_config.py:44 | Logging system initialized
2026-07-26 21:50:45 | INFO     | sqlalchemy.engine.Engine | base.py:1848 | SELECT DATABASE()
2026-07-26 21:50:45 | INFO     | sqlalchemy.engine.Engine | base.py:1848 | [raw sql] {}
2026-07-26 21:50:45 | INFO     | sqlalchemy.engine.Engine | base.py:1848 | SELECT @@sql_mode
2026-07-26 21:50:45 | INFO     | sqlalchemy.engine.Engine | base.py:1848 | [raw sql] {}
2026-07-26 21:50:45 | INFO     | sqlalchemy.engine.Engine | base.py:1848 | SELECT @@lower_case_table_names
2026-07-26 21:50:45 | INFO     | sqlalchemy.engine.Engine | base.py:1848 | [raw sql] {}
2026-07-26 21:50:45 | INFO     | sqlalchemy.engine.Engine | base.py:2712 | BEGIN (implicit)
2026-07-26 21:50:45 | INFO     | sqlalchemy.engine.Engine | base.py:1848 | DESCRIBE `product_db`.`Products`
2026-07-26 21:50:45 | INFO     | sqlalchemy.engine.Engine | base.py:1848 | [raw sql] {}
2026-07-26 21:50:45 | INFO     | sqlalchemy.engine.Engine | base.py:1848 | DESCRIBE `product_db`.`Categories`
2026-07-26 21:50:45 | INFO     | sqlalchemy.engine.Engine | base.py:1848 | [raw sql] {}
2026-07-26 21:50:45 | INFO     | sqlalchemy.engine.Engine | base.py:2718 | COMMIT
2026-07-26 21:50:48 | INFO     | root | logging_config.py:44 | Logging system initialized
2026-07-26 21:50:48 | INFO     | sqlalchemy.engine.Engine | base.py:1848 | SELECT DATABASE()
2026-07-26 21:50:48 | INFO     | sqlalchemy.engine.Engine | base.py:1848 | [raw sql] {}
2026-07-26 21:50:48 | INFO     | sqlalchemy.engine.Engine | base.py:1848 | SELECT @@sql_mode
2026-07-26 21:50:48 | INFO     | sqlalchemy.engine.Engine | base.py:1848 | [raw sql] {}
2026-07-26 21:50:48 | INFO     | sqlalchemy.engine.Engine | base.py:1848 | SELECT @@lower_case_table_names
2026-07-26 21:50:48 | INFO     | sqlalchemy.engine.Engine | base.py:1848 | [raw sql] {}
2026-07-26 21:50:48 | INFO     | sqlalchemy.engine.Engine | base.py:2712 | BEGIN (implicit)
2026-07-26 21:50:48 | INFO     | sqlalchemy.engine.Engine | base.py:1848 | DESCRIBE `product_db`.`Products`
2026-07-26 21:50:48 | INFO     | sqlalchemy.engine.Engine | base.py:1848 | [raw sql] {}
2026-07-26 21:50:48 | INFO     | sqlalchemy.engine.Engine | base.py:1848 | DESCRIBE `product_db`.`Categories`
2026-07-26 21:50:48 | INFO     | sqlalchemy.engine.Engine | base.py:1848 | [raw sql] {}
2026-07-26 21:50:48 | INFO     | sqlalchemy.engine.Engine | base.py:2718 | COMMIT
2026-07-26 21:50:52 | INFO     | root | logging_config.py:44 | Logging system initialized
2026-07-26 21:50:52 | INFO     | sqlalchemy.engine.Engine | base.py:1848 | SELECT DATABASE()
2026-07-26 21:50:52 | INFO     | sqlalchemy.engine.Engine | base.py:1848 | [raw sql] {}
2026-07-26 21:50:52 | INFO     | sqlalchemy.engine.Engine | base.py:1848 | SELECT @@sql_mode
2026-07-26 21:50:52 | INFO     | sqlalchemy.engine.Engine | base.py:1848 | [raw sql] {}
2026-07-26 21:50:52 | INFO     | sqlalchemy.engine.Engine | base.py:1848 | SELECT @@lower_case_table_names
2026-07-26 21:50:52 | INFO     | sqlalchemy.engine.Engine | base.py:1848 | [raw sql] {}
2026-07-26 21:50:52 | INFO     | sqlalchemy.engine.Engine | base.py:2712 | BEGIN (implicit)
2026-07-26 21:50:52 | INFO     | sqlalchemy.engine.Engine | base.py:1848 | DESCRIBE `product_db`.`Products`
2026-07-26 21:50:52 | INFO     | sqlalchemy.engine.Engine | base.py:1848 | [raw sql] {}
2026-07-26 21:50:52 | INFO     | sqlalchemy.engine.Engine | base.py:1848 | DESCRIBE `product_db`.`Categories`
2026-07-26 21:50:52 | INFO     | sqlalchemy.engine.Engine | base.py:1848 | [raw sql] {}
2026-07-26 21:50:52 | INFO     | sqlalchemy.engine.Engine | base.py:2718 | COMMIT
2026-07-26 21:51:00 | INFO     | root | logging_config.py:44 | Logging system initialized
2026-07-26 21:51:00 | INFO     | sqlalchemy.engine.Engine | base.py:1848 | SELECT DATABASE()
2026-07-26 21:51:00 | INFO     | sqlalchemy.engine.Engine | base.py:1848 | [raw sql] {}
2026-07-26 21:51:00 | INFO     | sqlalchemy.engine.Engine | base.py:1848 | SELECT @@sql_mode
2026-07-26 21:51:00 | INFO     | sqlalchemy.engine.Engine | base.py:1848 | [raw sql] {}
2026-07-26 21:51:00 | INFO     | sqlalchemy.engine.Engine | base.py:1848 | SELECT @@lower_case_table_names
2026-07-26 21:51:00 | INFO     | sqlalchemy.engine.Engine | base.py:1848 | [raw sql] {}
2026-07-26 21:51:00 | INFO     | sqlalchemy.engine.Engine | base.py:2712 | BEGIN (implicit)
2026-07-26 21:51:00 | INFO     | sqlalchemy.engine.Engine | base.py:1848 | DESCRIBE `product_db`.`Products`
2026-07-26 21:51:00 | INFO     | sqlalchemy.engine.Engine | base.py:1848 | [raw sql] {}
2026-07-26 21:51:00 | INFO     | sqlalchemy.engine.Engine | base.py:1848 | DESCRIBE `product_db`.`Categories`
2026-07-26 21:51:00 | INFO     | sqlalchemy.engine.Engine | base.py:1848 | [raw sql] {}
2026-07-26 21:51:00 | INFO     | sqlalchemy.engine.Engine | base.py:2718 | COMMIT
2026-07-26 21:51:04 | INFO     | root | logging_config.py:44 | Logging system initialized
2026-07-26 21:51:05 | INFO     | sqlalchemy.engine.Engine | base.py:1848 | SELECT DATABASE()
2026-07-26 21:51:05 | INFO     | sqlalchemy.engine.Engine | base.py:1848 | [raw sql] {}
2026-07-26 21:51:05 | INFO     | sqlalchemy.engine.Engine | base.py:1848 | SELECT @@sql_mode
2026-07-26 21:51:05 | INFO     | sqlalchemy.engine.Engine | base.py:1848 | [raw sql] {}
2026-07-26 21:51:05 | INFO     | sqlalchemy.engine.Engine | base.py:1848 | SELECT @@lower_case_table_names
2026-07-26 21:51:05 | INFO     | sqlalchemy.engine.Engine | base.py:1848 | [raw sql] {}
2026-07-26 21:51:05 | INFO     | sqlalchemy.engine.Engine | base.py:2712 | BEGIN (implicit)
2026-07-26 21:51:05 | INFO     | sqlalchemy.engine.Engine | base.py:1848 | DESCRIBE `product_db`.`Products`
2026-07-26 21:51:05 | INFO     | sqlalchemy.engine.Engine | base.py:1848 | [raw sql] {}
2026-07-26 21:51:05 | INFO     | sqlalchemy.engine.Engine | base.py:1848 | DESCRIBE `product_db`.`Categories`
2026-07-26 21:51:05 | INFO     | sqlalchemy.engine.Engine | base.py:1848 | [raw sql] {}
2026-07-26 21:51:05 | INFO     | sqlalchemy.engine.Engine | base.py:2718 | COMMIT
2026-07-26 21:51:12 | INFO     | root | logging_config.py:44 | Logging system initialized
2026-07-26 21:51:12 | INFO     | sqlalchemy.engine.Engine | base.py:1848 | SELECT DATABASE()
2026-07-26 21:51:12 | INFO     | sqlalchemy.engine.Engine | base.py:1848 | [raw sql] {}
2026-07-26 21:51:12 | INFO     | sqlalchemy.engine.Engine | base.py:1848 | SELECT @@sql_mode
2026-07-26 21:51:12 | INFO     | sqlalchemy.engine.Engine | base.py:1848 | [raw sql] {}
2026-07-26 21:51:12 | INFO     | sqlalchemy.engine.Engine | base.py:1848 | SELECT @@lower_case_table_names
2026-07-26 21:51:12 | INFO     | sqlalchemy.engine.Engine | base.py:1848 | [raw sql] {}
2026-07-26 21:51:12 | INFO     | sqlalchemy.engine.Engine | base.py:2712 | BEGIN (implicit)
2026-07-26 21:51:13 | INFO     | sqlalchemy.engine.Engine | base.py:1848 | DESCRIBE `product_db`.`Products`
2026-07-26 21:51:13 | INFO     | sqlalchemy.engine.Engine | base.py:1848 | [raw sql] {}
2026-07-26 21:51:13 | INFO     | sqlalchemy.engine.Engine | base.py:1848 | DESCRIBE `product_db`.`Categories`
2026-07-26 21:51:13 | INFO     | sqlalchemy.engine.Engine | base.py:1848 | [raw sql] {}
2026-07-26 21:51:13 | INFO     | sqlalchemy.engine.Engine | base.py:2718 | COMMIT
2026-07-26 21:51:34 | INFO     | root | logging_config.py:44 | Logging system initialized
2026-07-26 21:51:34 | INFO     | sqlalchemy.engine.Engine | base.py:1848 | SELECT DATABASE()
2026-07-26 21:51:34 | INFO     | sqlalchemy.engine.Engine | base.py:1848 | [raw sql] {}
2026-07-26 21:51:34 | INFO     | sqlalchemy.engine.Engine | base.py:1848 | SELECT @@sql_mode
2026-07-26 21:51:34 | INFO     | sqlalchemy.engine.Engine | base.py:1848 | [raw sql] {}
2026-07-26 21:51:34 | INFO     | sqlalchemy.engine.Engine | base.py:1848 | SELECT @@lower_case_table_names
2026-07-26 21:51:34 | INFO     | sqlalchemy.engine.Engine | base.py:1848 | [raw sql] {}
2026-07-26 21:51:34 | INFO     | sqlalchemy.engine.Engine | base.py:2712 | BEGIN (implicit)
2026-07-26 21:51:34 | INFO     | sqlalchemy.engine.Engine | base.py:1848 | DESCRIBE `product_db`.`Products`
2026-07-26 21:51:34 | INFO     | sqlalchemy.engine.Engine | base.py:1848 | [raw sql] {}
2026-07-26 21:51:34 | INFO     | sqlalchemy.engine.Engine | base.py:1848 | DESCRIBE `product_db`.`Categories`
2026-07-26 21:51:34 | INFO     | sqlalchemy.engine.Engine | base.py:1848 | [raw sql] {}
2026-07-26 21:51:34 | INFO     | sqlalchemy.engine.Engine | base.py:2718 | COMMIT
2026-07-26 21:51:37 | INFO     | root | logging_config.py:44 | Logging system initialized
2026-07-26 21:51:37 | INFO     | sqlalchemy.engine.Engine | base.py:1848 | SELECT DATABASE()
2026-07-26 21:51:37 | INFO     | sqlalchemy.engine.Engine | base.py:1848 | [raw sql] {}
2026-07-26 21:51:37 | INFO     | sqlalchemy.engine.Engine | base.py:1848 | SELECT @@sql_mode
2026-07-26 21:51:37 | INFO     | sqlalchemy.engine.Engine | base.py:1848 | [raw sql] {}
2026-07-26 21:51:37 | INFO     | sqlalchemy.engine.Engine | base.py:1848 | SELECT @@lower_case_table_names
2026-07-26 21:51:37 | INFO     | sqlalchemy.engine.Engine | base.py:1848 | [raw sql] {}
2026-07-26 21:51:37 | INFO     | sqlalchemy.engine.Engine | base.py:2712 | BEGIN (implicit)
2026-07-26 21:51:37 | INFO     | sqlalchemy.engine.Engine | base.py:1848 | DESCRIBE `product_db`.`Products`
2026-07-26 21:51:37 | INFO     | sqlalchemy.engine.Engine | base.py:1848 | [raw sql] {}
2026-07-26 21:51:37 | INFO     | sqlalchemy.engine.Engine | base.py:1848 | DESCRIBE `product_db`.`Categories`
2026-07-26 21:51:37 | INFO     | sqlalchemy.engine.Engine | base.py:1848 | [raw sql] {}
2026-07-26 21:51:37 | INFO     | sqlalchemy.engine.Engine | base.py:2718 | COMMIT
2026-07-26 21:51:59 | INFO     | root | logging_config.py:44 | Logging system initialized
2026-07-26 21:51:59 | INFO     | sqlalchemy.engine.Engine | base.py:1848 | SELECT DATABASE()
2026-07-26 21:51:59 | INFO     | sqlalchemy.engine.Engine | base.py:1848 | [raw sql] {}
2026-07-26 21:51:59 | INFO     | sqlalchemy.engine.Engine | base.py:1848 | SELECT @@sql_mode
2026-07-26 21:51:59 | INFO     | sqlalchemy.engine.Engine | base.py:1848 | [raw sql] {}
2026-07-26 21:51:59 | INFO     | sqlalchemy.engine.Engine | base.py:1848 | SELECT @@lower_case_table_names
2026-07-26 21:51:59 | INFO     | sqlalchemy.engine.Engine | base.py:1848 | [raw sql] {}
2026-07-26 21:51:59 | INFO     | sqlalchemy.engine.Engine | base.py:2712 | BEGIN (implicit)
2026-07-26 21:51:59 | INFO     | sqlalchemy.engine.Engine | base.py:1848 | DESCRIBE `product_db`.`Products`
2026-07-26 21:51:59 | INFO     | sqlalchemy.engine.Engine | base.py:1848 | [raw sql] {}
2026-07-26 21:51:59 | INFO     | sqlalchemy.engine.Engine | base.py:1848 | DESCRIBE `product_db`.`Categories`
2026-07-26 21:51:59 | INFO     | sqlalchemy.engine.Engine | base.py:1848 | [raw sql] {}
2026-07-26 21:51:59 | INFO     | sqlalchemy.engine.Engine | base.py:2718 | COMMIT
2026-07-26 21:52:01 | INFO     | root | logging_config.py:44 | Logging system initialized
2026-07-26 21:52:02 | INFO     | sqlalchemy.engine.Engine | base.py:1848 | SELECT DATABASE()
2026-07-26 21:52:02 | INFO     | sqlalchemy.engine.Engine | base.py:1848 | [raw sql] {}
2026-07-26 21:52:02 | INFO     | sqlalchemy.engine.Engine | base.py:1848 | SELECT @@sql_mode
2026-07-26 21:52:02 | INFO     | sqlalchemy.engine.Engine | base.py:1848 | [raw sql] {}
2026-07-26 21:52:02 | INFO     | sqlalchemy.engine.Engine | base.py:1848 | SELECT @@lower_case_table_names
2026-07-26 21:52:02 | INFO     | sqlalchemy.engine.Engine | base.py:1848 | [raw sql] {}
2026-07-26 21:52:02 | INFO     | sqlalchemy.engine.Engine | base.py:2712 | BEGIN (implicit)
2026-07-26 21:52:02 | INFO     | sqlalchemy.engine.Engine | base.py:1848 | DESCRIBE `product_db`.`Products`
2026-07-26 21:52:02 | INFO     | sqlalchemy.engine.Engine | base.py:1848 | [raw sql] {}
2026-07-26 21:52:02 | INFO     | sqlalchemy.engine.Engine | base.py:1848 | DESCRIBE `product_db`.`Categories`
2026-07-26 21:52:02 | INFO     | sqlalchemy.engine.Engine | base.py:1848 | [raw sql] {}
2026-07-26 21:52:02 | INFO     | sqlalchemy.engine.Engine | base.py:2718 | COMMIT
2026-07-26 21:52:13 | INFO     | root | logging_config.py:44 | Logging system initialized
2026-07-26 21:52:13 | INFO     | sqlalchemy.engine.Engine | base.py:1848 | SELECT DATABASE()
2026-07-26 21:52:13 | INFO     | sqlalchemy.engine.Engine | base.py:1848 | [raw sql] {}
2026-07-26 21:52:13 | INFO     | sqlalchemy.engine.Engine | base.py:1848 | SELECT @@sql_mode
2026-07-26 21:52:13 | INFO     | sqlalchemy.engine.Engine | base.py:1848 | [raw sql] {}
2026-07-26 21:52:13 | INFO     | sqlalchemy.engine.Engine | base.py:1848 | SELECT @@lower_case_table_names
2026-07-26 21:52:13 | INFO     | sqlalchemy.engine.Engine | base.py:1848 | [raw sql] {}
2026-07-26 21:52:13 | INFO     | sqlalchemy.engine.Engine | base.py:2712 | BEGIN (implicit)
2026-07-26 21:52:13 | INFO     | sqlalchemy.engine.Engine | base.py:1848 | DESCRIBE `product_db`.`Products`
2026-07-26 21:52:13 | INFO     | sqlalchemy.engine.Engine | base.py:1848 | [raw sql] {}
2026-07-26 21:52:13 | INFO     | sqlalchemy.engine.Engine | base.py:1848 | DESCRIBE `product_db`.`Categories`
2026-07-26 21:52:13 | INFO     | sqlalchemy.engine.Engine | base.py:1848 | [raw sql] {}
2026-07-26 21:52:13 | INFO     | sqlalchemy.engine.Engine | base.py:2718 | COMMIT
2026-07-26 21:52:17 | INFO     | root | logging_config.py:44 | Logging system initialized
2026-07-26 21:52:18 | INFO     | sqlalchemy.engine.Engine | base.py:1848 | SELECT DATABASE()
2026-07-26 21:52:18 | INFO     | sqlalchemy.engine.Engine | base.py:1848 | [raw sql] {}
2026-07-26 21:52:18 | INFO     | sqlalchemy.engine.Engine | base.py:1848 | SELECT @@sql_mode
2026-07-26 21:52:18 | INFO     | sqlalchemy.engine.Engine | base.py:1848 | [raw sql] {}
2026-07-26 21:52:18 | INFO     | sqlalchemy.engine.Engine | base.py:1848 | SELECT @@lower_case_table_names
2026-07-26 21:52:18 | INFO     | sqlalchemy.engine.Engine | base.py:1848 | [raw sql] {}
2026-07-26 21:52:18 | INFO     | sqlalchemy.engine.Engine | base.py:2712 | BEGIN (implicit)
2026-07-26 21:52:18 | INFO     | sqlalchemy.engine.Engine | base.py:1848 | DESCRIBE `product_db`.`Products`
2026-07-26 21:52:18 | INFO     | sqlalchemy.engine.Engine | base.py:1848 | [raw sql] {}
2026-07-26 21:52:18 | INFO     | sqlalchemy.engine.Engine | base.py:1848 | DESCRIBE `product_db`.`Categories`
2026-07-26 21:52:18 | INFO     | sqlalchemy.engine.Engine | base.py:1848 | [raw sql] {}
2026-07-26 21:52:18 | INFO     | sqlalchemy.engine.Engine | base.py:2718 | COMMIT
2026-07-26 21:52:21 | INFO     | root | logging_config.py:44 | Logging system initialized
2026-07-26 21:52:22 | INFO     | sqlalchemy.engine.Engine | base.py:1848 | SELECT DATABASE()
2026-07-26 21:52:22 | INFO     | sqlalchemy.engine.Engine | base.py:1848 | [raw sql] {}
2026-07-26 21:52:22 | INFO     | sqlalchemy.engine.Engine | base.py:1848 | SELECT @@sql_mode
2026-07-26 21:52:22 | INFO     | sqlalchemy.engine.Engine | base.py:1848 | [raw sql] {}
2026-07-26 21:52:22 | INFO     | sqlalchemy.engine.Engine | base.py:1848 | SELECT @@lower_case_table_names
2026-07-26 21:52:22 | INFO     | sqlalchemy.engine.Engine | base.py:1848 | [raw sql] {}
2026-07-26 21:52:22 | INFO     | sqlalchemy.engine.Engine | base.py:2712 | BEGIN (implicit)
2026-07-26 21:52:22 | INFO     | sqlalchemy.engine.Engine | base.py:1848 | DESCRIBE `product_db`.`Products`
2026-07-26 21:52:22 | INFO     | sqlalchemy.engine.Engine | base.py:1848 | [raw sql] {}
2026-07-26 21:52:22 | INFO     | sqlalchemy.engine.Engine | base.py:1848 | DESCRIBE `product_db`.`Categories`
2026-07-26 21:52:22 | INFO     | sqlalchemy.engine.Engine | base.py:1848 | [raw sql] {}
2026-07-26 21:52:22 | INFO     | sqlalchemy.engine.Engine | base.py:2718 | COMMIT
2026-07-26 21:52:25 | INFO     | root | logging_config.py:44 | Logging system initialized
2026-07-26 21:52:25 | INFO     | sqlalchemy.engine.Engine | base.py:1848 | SELECT DATABASE()
2026-07-26 21:52:25 | INFO     | sqlalchemy.engine.Engine | base.py:1848 | [raw sql] {}
2026-07-26 21:52:25 | INFO     | sqlalchemy.engine.Engine | base.py:1848 | SELECT @@sql_mode
2026-07-26 21:52:25 | INFO     | sqlalchemy.engine.Engine | base.py:1848 | [raw sql] {}
2026-07-26 21:52:25 | INFO     | sqlalchemy.engine.Engine | base.py:1848 | SELECT @@lower_case_table_names
2026-07-26 21:52:25 | INFO     | sqlalchemy.engine.Engine | base.py:1848 | [raw sql] {}
2026-07-26 21:52:25 | INFO     | sqlalchemy.engine.Engine | base.py:2712 | BEGIN (implicit)
2026-07-26 21:52:25 | INFO     | sqlalchemy.engine.Engine | base.py:1848 | DESCRIBE `product_db`.`Products`
2026-07-26 21:52:25 | INFO     | sqlalchemy.engine.Engine | base.py:1848 | [raw sql] {}
2026-07-26 21:52:25 | INFO     | sqlalchemy.engine.Engine | base.py:1848 | DESCRIBE `product_db`.`Categories`
2026-07-26 21:52:25 | INFO     | sqlalchemy.engine.Engine | base.py:1848 | [raw sql] {}
2026-07-26 21:52:25 | INFO     | sqlalchemy.engine.Engine | base.py:2718 | COMMIT
2026-07-26 21:52:30 | INFO     | root | logging_config.py:44 | Logging system initialized
2026-07-26 21:52:30 | INFO     | sqlalchemy.engine.Engine | base.py:1848 | SELECT DATABASE()
2026-07-26 21:52:30 | INFO     | sqlalchemy.engine.Engine | base.py:1848 | [raw sql] {}
2026-07-26 21:52:30 | INFO     | sqlalchemy.engine.Engine | base.py:1848 | SELECT @@sql_mode
2026-07-26 21:52:30 | INFO     | sqlalchemy.engine.Engine | base.py:1848 | [raw sql] {}
2026-07-26 21:52:30 | INFO     | sqlalchemy.engine.Engine | base.py:1848 | SELECT @@lower_case_table_names
2026-07-26 21:52:30 | INFO     | sqlalchemy.engine.Engine | base.py:1848 | [raw sql] {}
2026-07-26 21:52:30 | INFO     | sqlalchemy.engine.Engine | base.py:2712 | BEGIN (implicit)
2026-07-26 21:52:30 | INFO     | sqlalchemy.engine.Engine | base.py:1848 | DESCRIBE `product_db`.`Products`
2026-07-26 21:52:30 | INFO     | sqlalchemy.engine.Engine | base.py:1848 | [raw sql] {}
2026-07-26 21:52:30 | INFO     | sqlalchemy.engine.Engine | base.py:1848 | DESCRIBE `product_db`.`Categories`
2026-07-26 21:52:30 | INFO     | sqlalchemy.engine.Engine | base.py:1848 | [raw sql] {}
2026-07-26 21:52:30 | INFO     | sqlalchemy.engine.Engine | base.py:2718 | COMMIT
2026-07-26 21:52:59 | INFO     | root | logging_config.py:44 | Logging system initialized
2026-07-26 21:52:59 | INFO     | sqlalchemy.engine.Engine | base.py:1848 | SELECT DATABASE()
2026-07-26 21:52:59 | INFO     | sqlalchemy.engine.Engine | base.py:1848 | [raw sql] {}
2026-07-26 21:52:59 | INFO     | sqlalchemy.engine.Engine | base.py:1848 | SELECT @@sql_mode
2026-07-26 21:52:59 | INFO     | sqlalchemy.engine.Engine | base.py:1848 | [raw sql] {}
2026-07-26 21:52:59 | INFO     | sqlalchemy.engine.Engine | base.py:1848 | SELECT @@lower_case_table_names
2026-07-26 21:52:59 | INFO     | sqlalchemy.engine.Engine | base.py:1848 | [raw sql] {}
2026-07-26 21:52:59 | INFO     | sqlalchemy.engine.Engine | base.py:2712 | BEGIN (implicit)
2026-07-26 21:52:59 | INFO     | sqlalchemy.engine.Engine | base.py:1848 | DESCRIBE `product_db`.`Products`
2026-07-26 21:52:59 | INFO     | sqlalchemy.engine.Engine | base.py:1848 | [raw sql] {}
2026-07-26 21:52:59 | INFO     | sqlalchemy.engine.Engine | base.py:1848 | DESCRIBE `product_db`.`Categories`
2026-07-26 21:52:59 | INFO     | sqlalchemy.engine.Engine | base.py:1848 | [raw sql] {}
2026-07-26 21:52:59 | INFO     | sqlalchemy.engine.Engine | base.py:2718 | COMMIT
2026-07-26 21:53:08 | INFO     | root | logging_config.py:44 | Logging system initialized
2026-07-26 21:53:08 | INFO     | sqlalchemy.engine.Engine | base.py:1848 | SELECT DATABASE()
2026-07-26 21:53:08 | INFO     | sqlalchemy.engine.Engine | base.py:1848 | [raw sql] {}
2026-07-26 21:53:08 | INFO     | sqlalchemy.engine.Engine | base.py:1848 | SELECT @@sql_mode
2026-07-26 21:53:08 | INFO     | sqlalchemy.engine.Engine | base.py:1848 | [raw sql] {}
2026-07-26 21:53:08 | INFO     | sqlalchemy.engine.Engine | base.py:1848 | SELECT @@lower_case_table_names
2026-07-26 21:53:08 | INFO     | sqlalchemy.engine.Engine | base.py:1848 | [raw sql] {}
2026-07-26 21:53:08 | INFO     | sqlalchemy.engine.Engine | base.py:2712 | BEGIN (implicit)
2026-07-26 21:53:08 | INFO     | sqlalchemy.engine.Engine | base.py:1848 | DESCRIBE `product_db`.`Products`
2026-07-26 21:53:08 | INFO     | sqlalchemy.engine.Engine | base.py:1848 | [raw sql] {}
2026-07-26 21:53:08 | INFO     | sqlalchemy.engine.Engine | base.py:1848 | DESCRIBE `product_db`.`Categories`
2026-07-26 21:53:08 | INFO     | sqlalchemy.engine.Engine | base.py:1848 | [raw sql] {}
2026-07-26 21:53:08 | INFO     | sqlalchemy.engine.Engine | base.py:2718 | COMMIT
2026-07-26 21:53:12 | INFO     | root | logging_config.py:44 | Logging system initialized
2026-07-26 21:53:12 | INFO     | sqlalchemy.engine.Engine | base.py:1848 | SELECT DATABASE()
2026-07-26 21:53:12 | INFO     | sqlalchemy.engine.Engine | base.py:1848 | [raw sql] {}
2026-07-26 21:53:12 | INFO     | sqlalchemy.engine.Engine | base.py:1848 | SELECT @@sql_mode
2026-07-26 21:53:12 | INFO     | sqlalchemy.engine.Engine | base.py:1848 | [raw sql] {}
2026-07-26 21:53:12 | INFO     | sqlalchemy.engine.Engine | base.py:1848 | SELECT @@lower_case_table_names
2026-07-26 21:53:12 | INFO     | sqlalchemy.engine.Engine | base.py:1848 | [raw sql] {}
2026-07-26 21:53:12 | INFO     | sqlalchemy.engine.Engine | base.py:2712 | BEGIN (implicit)
2026-07-26 21:53:12 | INFO     | sqlalchemy.engine.Engine | base.py:1848 | DESCRIBE `product_db`.`Products`
2026-07-26 21:53:12 | INFO     | sqlalchemy.engine.Engine | base.py:1848 | [raw sql] {}
2026-07-26 21:53:12 | INFO     | sqlalchemy.engine.Engine | base.py:1848 | DESCRIBE `product_db`.`Categories`
2026-07-26 21:53:12 | INFO     | sqlalchemy.engine.Engine | base.py:1848 | [raw sql] {}
2026-07-26 21:53:12 | INFO     | sqlalchemy.engine.Engine | base.py:2718 | COMMIT
2026-07-26 21:53:14 | INFO     | root | logging_config.py:44 | Logging system initialized
2026-07-26 21:53:14 | INFO     | sqlalchemy.engine.Engine | base.py:1848 | SELECT DATABASE()
2026-07-26 21:53:14 | INFO     | sqlalchemy.engine.Engine | base.py:1848 | [raw sql] {}
2026-07-26 21:53:14 | INFO     | sqlalchemy.engine.Engine | base.py:1848 | SELECT @@sql_mode
2026-07-26 21:53:14 | INFO     | sqlalchemy.engine.Engine | base.py:1848 | [raw sql] {}
2026-07-26 21:53:14 | INFO     | sqlalchemy.engine.Engine | base.py:1848 | SELECT @@lower_case_table_names
2026-07-26 21:53:14 | INFO     | sqlalchemy.engine.Engine | base.py:1848 | [raw sql] {}
2026-07-26 21:53:14 | INFO     | sqlalchemy.engine.Engine | base.py:2712 | BEGIN (implicit)
2026-07-26 21:53:14 | INFO     | sqlalchemy.engine.Engine | base.py:1848 | DESCRIBE `product_db`.`Products`
2026-07-26 21:53:14 | INFO     | sqlalchemy.engine.Engine | base.py:1848 | [raw sql] {}
2026-07-26 21:53:14 | INFO     | sqlalchemy.engine.Engine | base.py:1848 | DESCRIBE `product_db`.`Categories`
2026-07-26 21:53:14 | INFO     | sqlalchemy.engine.Engine | base.py:1848 | [raw sql] {}
2026-07-26 21:53:14 | INFO     | sqlalchemy.engine.Engine | base.py:2718 | COMMIT
2026-07-26 21:53:18 | INFO     | root | logging_config.py:44 | Logging system initialized
2026-07-26 21:53:19 | INFO     | sqlalchemy.engine.Engine | base.py:1848 | SELECT DATABASE()
2026-07-26 21:53:19 | INFO     | sqlalchemy.engine.Engine | base.py:1848 | [raw sql] {}
2026-07-26 21:53:19 | INFO     | sqlalchemy.engine.Engine | base.py:1848 | SELECT @@sql_mode
2026-07-26 21:53:19 | INFO     | sqlalchemy.engine.Engine | base.py:1848 | [raw sql] {}
2026-07-26 21:53:19 | INFO     | sqlalchemy.engine.Engine | base.py:1848 | SELECT @@lower_case_table_names
2026-07-26 21:53:19 | INFO     | sqlalchemy.engine.Engine | base.py:1848 | [raw sql] {}
2026-07-26 21:53:19 | INFO     | sqlalchemy.engine.Engine | base.py:2712 | BEGIN (implicit)
2026-07-26 21:53:19 | INFO     | sqlalchemy.engine.Engine | base.py:1848 | DESCRIBE `product_db`.`Products`
2026-07-26 21:53:19 | INFO     | sqlalchemy.engine.Engine | base.py:1848 | [raw sql] {}
2026-07-26 21:53:19 | INFO     | sqlalchemy.engine.Engine | base.py:1848 | DESCRIBE `product_db`.`Categories`
2026-07-26 21:53:19 | INFO     | sqlalchemy.engine.Engine | base.py:1848 | [raw sql] {}
2026-07-26 21:53:19 | INFO     | sqlalchemy.engine.Engine | base.py:2718 | COMMIT
2026-07-26 21:53:21 | INFO     | root | logging_config.py:44 | Logging system initialized
2026-07-26 21:53:21 | INFO     | sqlalchemy.engine.Engine | base.py:1848 | SELECT DATABASE()
2026-07-26 21:53:21 | INFO     | sqlalchemy.engine.Engine | base.py:1848 | [raw sql] {}
2026-07-26 21:53:21 | INFO     | sqlalchemy.engine.Engine | base.py:1848 | SELECT @@sql_mode
2026-07-26 21:53:21 | INFO     | sqlalchemy.engine.Engine | base.py:1848 | [raw sql] {}
2026-07-26 21:53:21 | INFO     | sqlalchemy.engine.Engine | base.py:1848 | SELECT @@lower_case_table_names
2026-07-26 21:53:21 | INFO     | sqlalchemy.engine.Engine | base.py:1848 | [raw sql] {}
2026-07-26 21:53:21 | INFO     | sqlalchemy.engine.Engine | base.py:2712 | BEGIN (implicit)
2026-07-26 21:53:21 | INFO     | sqlalchemy.engine.Engine | base.py:1848 | DESCRIBE `product_db`.`Products`
2026-07-26 21:53:21 | INFO     | sqlalchemy.engine.Engine | base.py:1848 | [raw sql] {}
2026-07-26 21:53:21 | INFO     | sqlalchemy.engine.Engine | base.py:1848 | DESCRIBE `product_db`.`Categories`
2026-07-26 21:53:21 | INFO     | sqlalchemy.engine.Engine | base.py:1848 | [raw sql] {}
2026-07-26 21:53:21 | INFO     | sqlalchemy.engine.Engine | base.py:2718 | COMMIT
2026-07-26 21:53:32 | INFO     | root | logging_config.py:44 | Logging system initialized
2026-07-26 21:53:32 | INFO     | sqlalchemy.engine.Engine | base.py:1848 | SELECT DATABASE()
2026-07-26 21:53:32 | INFO     | sqlalchemy.engine.Engine | base.py:1848 | [raw sql] {}
2026-07-26 21:53:32 | INFO     | sqlalchemy.engine.Engine | base.py:1848 | SELECT @@sql_mode
2026-07-26 21:53:32 | INFO     | sqlalchemy.engine.Engine | base.py:1848 | [raw sql] {}
2026-07-26 21:53:32 | INFO     | sqlalchemy.engine.Engine | base.py:1848 | SELECT @@lower_case_table_names
2026-07-26 21:53:32 | INFO     | sqlalchemy.engine.Engine | base.py:1848 | [raw sql] {}
2026-07-26 21:53:32 | INFO     | sqlalchemy.engine.Engine | base.py:2712 | BEGIN (implicit)
2026-07-26 21:53:32 | INFO     | sqlalchemy.engine.Engine | base.py:1848 | DESCRIBE `product_db`.`Products`
2026-07-26 21:53:32 | INFO     | sqlalchemy.engine.Engine | base.py:1848 | [raw sql] {}
2026-07-26 21:53:32 | INFO     | sqlalchemy.engine.Engine | base.py:1848 | DESCRIBE `product_db`.`Categories`
2026-07-26 21:53:32 | INFO     | sqlalchemy.engine.Engine | base.py:1848 | [raw sql] {}
2026-07-26 21:53:32 | INFO     | sqlalchemy.engine.Engine | base.py:2718 | COMMIT
2026-07-26 21:53:36 | INFO     | root | logging_config.py:44 | Logging system initialized
2026-07-26 21:53:36 | INFO     | sqlalchemy.engine.Engine | base.py:1848 | SELECT DATABASE()
2026-07-26 21:53:36 | INFO     | sqlalchemy.engine.Engine | base.py:1848 | [raw sql] {}
2026-07-26 21:53:36 | INFO     | sqlalchemy.engine.Engine | base.py:1848 | SELECT @@sql_mode
2026-07-26 21:53:36 | INFO     | sqlalchemy.engine.Engine | base.py:1848 | [raw sql] {}
2026-07-26 21:53:36 | INFO     | sqlalchemy.engine.Engine | base.py:1848 | SELECT @@lower_case_table_names
2026-07-26 21:53:36 | INFO     | sqlalchemy.engine.Engine | base.py:1848 | [raw sql] {}
2026-07-26 21:53:36 | INFO     | sqlalchemy.engine.Engine | base.py:2712 | BEGIN (implicit)
2026-07-26 21:53:36 | INFO     | sqlalchemy.engine.Engine | base.py:1848 | DESCRIBE `product_db`.`Products`
2026-07-26 21:53:36 | INFO     | sqlalchemy.engine.Engine | base.py:1848 | [raw sql] {}
2026-07-26 21:53:36 | INFO     | sqlalchemy.engine.Engine | base.py:1848 | DESCRIBE `product_db`.`Categories`
2026-07-26 21:53:36 | INFO     | sqlalchemy.engine.Engine | base.py:1848 | [raw sql] {}
2026-07-26 21:53:36 | INFO     | sqlalchemy.engine.Engine | base.py:2718 | COMMIT
2026-07-26 21:53:39 | INFO     | root | logging_config.py:44 | Logging system initialized
2026-07-26 21:53:40 | INFO     | sqlalchemy.engine.Engine | base.py:1848 | SELECT DATABASE()
2026-07-26 21:53:40 | INFO     | sqlalchemy.engine.Engine | base.py:1848 | [raw sql] {}
2026-07-26 21:53:40 | INFO     | sqlalchemy.engine.Engine | base.py:1848 | SELECT @@sql_mode
2026-07-26 21:53:40 | INFO     | sqlalchemy.engine.Engine | base.py:1848 | [raw sql] {}
2026-07-26 21:53:40 | INFO     | sqlalchemy.engine.Engine | base.py:1848 | SELECT @@lower_case_table_names
2026-07-26 21:53:40 | INFO     | sqlalchemy.engine.Engine | base.py:1848 | [raw sql] {}
2026-07-26 21:53:40 | INFO     | sqlalchemy.engine.Engine | base.py:2712 | BEGIN (implicit)
2026-07-26 21:53:40 | INFO     | sqlalchemy.engine.Engine | base.py:1848 | DESCRIBE `product_db`.`Products`
2026-07-26 21:53:40 | INFO     | sqlalchemy.engine.Engine | base.py:1848 | [raw sql] {}
2026-07-26 21:53:40 | INFO     | sqlalchemy.engine.Engine | base.py:1848 | DESCRIBE `product_db`.`Categories`
2026-07-26 21:53:40 | INFO     | sqlalchemy.engine.Engine | base.py:1848 | [raw sql] {}
2026-07-26 21:53:40 | INFO     | sqlalchemy.engine.Engine | base.py:2718 | COMMIT
2026-07-26 21:53:43 | INFO     | root | logging_config.py:44 | Logging system initialized
2026-07-26 21:53:43 | INFO     | sqlalchemy.engine.Engine | base.py:1848 | SELECT DATABASE()
2026-07-26 21:53:43 | INFO     | sqlalchemy.engine.Engine | base.py:1848 | [raw sql] {}
2026-07-26 21:53:43 | INFO     | sqlalchemy.engine.Engine | base.py:1848 | SELECT @@sql_mode
2026-07-26 21:53:43 | INFO     | sqlalchemy.engine.Engine | base.py:1848 | [raw sql] {}
2026-07-26 21:53:43 | INFO     | sqlalchemy.engine.Engine | base.py:1848 | SELECT @@lower_case_table_names
2026-07-26 21:53:43 | INFO     | sqlalchemy.engine.Engine | base.py:1848 | [raw sql] {}
2026-07-26 21:53:43 | INFO     | sqlalchemy.engine.Engine | base.py:2712 | BEGIN (implicit)
2026-07-26 21:53:43 | INFO     | sqlalchemy.engine.Engine | base.py:1848 | DESCRIBE `product_db`.`Products`
2026-07-26 21:53:43 | INFO     | sqlalchemy.engine.Engine | base.py:1848 | [raw sql] {}
2026-07-26 21:53:43 | INFO     | sqlalchemy.engine.Engine | base.py:1848 | DESCRIBE `product_db`.`Categories`
2026-07-26 21:53:43 | INFO     | sqlalchemy.engine.Engine | base.py:1848 | [raw sql] {}
2026-07-26 21:53:43 | INFO     | sqlalchemy.engine.Engine | base.py:2718 | COMMIT
2026-07-26 21:53:46 | INFO     | root | logging_config.py:44 | Logging system initialized
2026-07-26 21:53:46 | INFO     | sqlalchemy.engine.Engine | base.py:1848 | SELECT DATABASE()
2026-07-26 21:53:46 | INFO     | sqlalchemy.engine.Engine | base.py:1848 | [raw sql] {}
2026-07-26 21:53:46 | INFO     | sqlalchemy.engine.Engine | base.py:1848 | SELECT @@sql_mode
2026-07-26 21:53:46 | INFO     | sqlalchemy.engine.Engine | base.py:1848 | [raw sql] {}
2026-07-26 21:53:46 | INFO     | sqlalchemy.engine.Engine | base.py:1848 | SELECT @@lower_case_table_names
2026-07-26 21:53:46 | INFO     | sqlalchemy.engine.Engine | base.py:1848 | [raw sql] {}
2026-07-26 21:53:46 | INFO     | sqlalchemy.engine.Engine | base.py:2712 | BEGIN (implicit)
2026-07-26 21:53:46 | INFO     | sqlalchemy.engine.Engine | base.py:1848 | DESCRIBE `product_db`.`Products`
2026-07-26 21:53:46 | INFO     | sqlalchemy.engine.Engine | base.py:1848 | [raw sql] {}
2026-07-26 21:53:46 | INFO     | sqlalchemy.engine.Engine | base.py:1848 | DESCRIBE `product_db`.`Categories`
2026-07-26 21:53:46 | INFO     | sqlalchemy.engine.Engine | base.py:1848 | [raw sql] {}
2026-07-26 21:53:46 | INFO     | sqlalchemy.engine.Engine | base.py:2718 | COMMIT
2026-07-26 21:53:48 | INFO     | root | logging_config.py:44 | Logging system initialized
2026-07-26 21:53:48 | INFO     | sqlalchemy.engine.Engine | base.py:1848 | SELECT DATABASE()
2026-07-26 21:53:48 | INFO     | sqlalchemy.engine.Engine | base.py:1848 | [raw sql] {}
2026-07-26 21:53:48 | INFO     | sqlalchemy.engine.Engine | base.py:1848 | SELECT @@sql_mode
2026-07-26 21:53:48 | INFO     | sqlalchemy.engine.Engine | base.py:1848 | [raw sql] {}
2026-07-26 21:53:48 | INFO     | sqlalchemy.engine.Engine | base.py:1848 | SELECT @@lower_case_table_names
2026-07-26 21:53:48 | INFO     | sqlalchemy.engine.Engine | base.py:1848 | [raw sql] {}
2026-07-26 21:53:48 | INFO     | sqlalchemy.engine.Engine | base.py:2712 | BEGIN (implicit)
2026-07-26 21:53:48 | INFO     | sqlalchemy.engine.Engine | base.py:1848 | DESCRIBE `product_db`.`Products`
2026-07-26 21:53:48 | INFO     | sqlalchemy.engine.Engine | base.py:1848 | [raw sql] {}
2026-07-26 21:53:48 | INFO     | sqlalchemy.engine.Engine | base.py:1848 | DESCRIBE `product_db`.`Categories`
2026-07-26 21:53:48 | INFO     | sqlalchemy.engine.Engine | base.py:1848 | [raw sql] {}
2026-07-26 21:53:48 | INFO     | sqlalchemy.engine.Engine | base.py:2718 | COMMIT
2026-07-26 21:53:51 | INFO     | root | logging_config.py:44 | Logging system initialized
2026-07-26 21:53:51 | INFO     | sqlalchemy.engine.Engine | base.py:1848 | SELECT DATABASE()
2026-07-26 21:53:51 | INFO     | sqlalchemy.engine.Engine | base.py:1848 | [raw sql] {}
2026-07-26 21:53:51 | INFO     | sqlalchemy.engine.Engine | base.py:1848 | SELECT @@sql_mode
2026-07-26 21:53:51 | INFO     | sqlalchemy.engine.Engine | base.py:1848 | [raw sql] {}
2026-07-26 21:53:51 | INFO     | sqlalchemy.engine.Engine | base.py:1848 | SELECT @@lower_case_table_names
2026-07-26 21:53:51 | INFO     | sqlalchemy.engine.Engine | base.py:1848 | [raw sql] {}
2026-07-26 21:53:51 | INFO     | sqlalchemy.engine.Engine | base.py:2712 | BEGIN (implicit)
2026-07-26 21:53:51 | INFO     | sqlalchemy.engine.Engine | base.py:1848 | DESCRIBE `product_db`.`Products`
2026-07-26 21:53:51 | INFO     | sqlalchemy.engine.Engine | base.py:1848 | [raw sql] {}
2026-07-26 21:53:51 | INFO     | sqlalchemy.engine.Engine | base.py:1848 | DESCRIBE `product_db`.`Categories`
2026-07-26 21:53:51 | INFO     | sqlalchemy.engine.Engine | base.py:1848 | [raw sql] {}
2026-07-26 21:53:51 | INFO     | sqlalchemy.engine.Engine | base.py:2718 | COMMIT
2026-07-26 21:54:00 | INFO     | root | logging_config.py:44 | Logging system initialized
2026-07-26 21:54:00 | INFO     | sqlalchemy.engine.Engine | base.py:1848 | SELECT DATABASE()
2026-07-26 21:54:00 | INFO     | sqlalchemy.engine.Engine | base.py:1848 | [raw sql] {}
2026-07-26 21:54:00 | INFO     | sqlalchemy.engine.Engine | base.py:1848 | SELECT @@sql_mode
2026-07-26 21:54:00 | INFO     | sqlalchemy.engine.Engine | base.py:1848 | [raw sql] {}
2026-07-26 21:54:00 | INFO     | sqlalchemy.engine.Engine | base.py:1848 | SELECT @@lower_case_table_names
2026-07-26 21:54:00 | INFO     | sqlalchemy.engine.Engine | base.py:1848 | [raw sql] {}
2026-07-26 21:54:00 | INFO     | sqlalchemy.engine.Engine | base.py:2712 | BEGIN (implicit)
2026-07-26 21:54:00 | INFO     | sqlalchemy.engine.Engine | base.py:1848 | DESCRIBE `product_db`.`Products`
2026-07-26 21:54:00 | INFO     | sqlalchemy.engine.Engine | base.py:1848 | [raw sql] {}
2026-07-26 21:54:00 | INFO     | sqlalchemy.engine.Engine | base.py:1848 | DESCRIBE `product_db`.`Categories`
2026-07-26 21:54:00 | INFO     | sqlalchemy.engine.Engine | base.py:1848 | [raw sql] {}
2026-07-26 21:54:00 | INFO     | sqlalchemy.engine.Engine | base.py:2718 | COMMIT
2026-07-26 21:54:04 | INFO     | root | logging_config.py:44 | Logging system initialized
2026-07-26 21:54:04 | INFO     | sqlalchemy.engine.Engine | base.py:1848 | SELECT DATABASE()
2026-07-26 21:54:04 | INFO     | sqlalchemy.engine.Engine | base.py:1848 | [raw sql] {}
2026-07-26 21:54:04 | INFO     | sqlalchemy.engine.Engine | base.py:1848 | SELECT @@sql_mode
2026-07-26 21:54:04 | INFO     | sqlalchemy.engine.Engine | base.py:1848 | [raw sql] {}
2026-07-26 21:54:04 | INFO     | sqlalchemy.engine.Engine | base.py:1848 | SELECT @@lower_case_table_names
2026-07-26 21:54:04 | INFO     | sqlalchemy.engine.Engine | base.py:1848 | [raw sql] {}
2026-07-26 21:54:04 | INFO     | sqlalchemy.engine.Engine | base.py:2712 | BEGIN (implicit)
2026-07-26 21:54:04 | INFO     | sqlalchemy.engine.Engine | base.py:1848 | DESCRIBE `product_db`.`Products`
2026-07-26 21:54:04 | INFO     | sqlalchemy.engine.Engine | base.py:1848 | [raw sql] {}
2026-07-26 21:54:04 | INFO     | sqlalchemy.engine.Engine | base.py:1848 | DESCRIBE `product_db`.`Categories`
2026-07-26 21:54:04 | INFO     | sqlalchemy.engine.Engine | base.py:1848 | [raw sql] {}
2026-07-26 21:54:04 | INFO     | sqlalchemy.engine.Engine | base.py:2718 | COMMIT
2026-07-26 21:54:07 | INFO     | root | logging_config.py:44 | Logging system initialized
2026-07-26 21:54:07 | INFO     | sqlalchemy.engine.Engine | base.py:1848 | SELECT DATABASE()
2026-07-26 21:54:07 | INFO     | sqlalchemy.engine.Engine | base.py:1848 | [raw sql] {}
2026-07-26 21:54:07 | INFO     | sqlalchemy.engine.Engine | base.py:1848 | SELECT @@sql_mode
2026-07-26 21:54:07 | INFO     | sqlalchemy.engine.Engine | base.py:1848 | [raw sql] {}
2026-07-26 21:54:07 | INFO     | sqlalchemy.engine.Engine | base.py:1848 | SELECT @@lower_case_table_names
2026-07-26 21:54:07 | INFO     | sqlalchemy.engine.Engine | base.py:1848 | [raw sql] {}
2026-07-26 21:54:07 | INFO     | sqlalchemy.engine.Engine | base.py:2712 | BEGIN (implicit)
2026-07-26 21:54:07 | INFO     | sqlalchemy.engine.Engine | base.py:1848 | DESCRIBE `product_db`.`Products`
2026-07-26 21:54:07 | INFO     | sqlalchemy.engine.Engine | base.py:1848 | [raw sql] {}
2026-07-26 21:54:07 | INFO     | sqlalchemy.engine.Engine | base.py:1848 | DESCRIBE `product_db`.`Categories`
2026-07-26 21:54:07 | INFO     | sqlalchemy.engine.Engine | base.py:1848 | [raw sql] {}
2026-07-26 21:54:07 | INFO     | sqlalchemy.engine.Engine | base.py:2718 | COMMIT
2026-07-26 21:54:12 | INFO     | root | logging_config.py:44 | Logging system initialized
2026-07-26 21:54:12 | INFO     | sqlalchemy.engine.Engine | base.py:1848 | SELECT DATABASE()
2026-07-26 21:54:12 | INFO     | sqlalchemy.engine.Engine | base.py:1848 | [raw sql] {}
2026-07-26 21:54:12 | INFO     | sqlalchemy.engine.Engine | base.py:1848 | SELECT @@sql_mode
2026-07-26 21:54:12 | INFO     | sqlalchemy.engine.Engine | base.py:1848 | [raw sql] {}
2026-07-26 21:54:12 | INFO     | sqlalchemy.engine.Engine | base.py:1848 | SELECT @@lower_case_table_names
2026-07-26 21:54:12 | INFO     | sqlalchemy.engine.Engine | base.py:1848 | [raw sql] {}
2026-07-26 21:54:12 | INFO     | sqlalchemy.engine.Engine | base.py:2712 | BEGIN (implicit)
2026-07-26 21:54:12 | INFO     | sqlalchemy.engine.Engine | base.py:1848 | DESCRIBE `product_db`.`Products`
2026-07-26 21:54:12 | INFO     | sqlalchemy.engine.Engine | base.py:1848 | [raw sql] {}
2026-07-26 21:54:12 | INFO     | sqlalchemy.engine.Engine | base.py:1848 | DESCRIBE `product_db`.`Categories`
2026-07-26 21:54:12 | INFO     | sqlalchemy.engine.Engine | base.py:1848 | [raw sql] {}
2026-07-26 21:54:12 | INFO     | sqlalchemy.engine.Engine | base.py:2718 | COMMIT
2026-07-26 21:54:17 | INFO     | root | logging_config.py:44 | Logging system initialized
2026-07-26 21:54:17 | INFO     | sqlalchemy.engine.Engine | base.py:1848 | SELECT DATABASE()
2026-07-26 21:54:17 | INFO     | sqlalchemy.engine.Engine | base.py:1848 | [raw sql] {}
2026-07-26 21:54:17 | INFO     | sqlalchemy.engine.Engine | base.py:1848 | SELECT @@sql_mode
2026-07-26 21:54:17 | INFO     | sqlalchemy.engine.Engine | base.py:1848 | [raw sql] {}
2026-07-26 21:54:17 | INFO     | sqlalchemy.engine.Engine | base.py:1848 | SELECT @@lower_case_table_names
2026-07-26 21:54:17 | INFO     | sqlalchemy.engine.Engine | base.py:1848 | [raw sql] {}
2026-07-26 21:54:17 | INFO     | sqlalchemy.engine.Engine | base.py:2712 | BEGIN (implicit)
2026-07-26 21:54:17 | INFO     | sqlalchemy.engine.Engine | base.py:1848 | DESCRIBE `product_db`.`Products`
2026-07-26 21:54:17 | INFO     | sqlalchemy.engine.Engine | base.py:1848 | [raw sql] {}
2026-07-26 21:54:17 | INFO     | sqlalchemy.engine.Engine | base.py:1848 | DESCRIBE `product_db`.`Categories`
2026-07-26 21:54:17 | INFO     | sqlalchemy.engine.Engine | base.py:1848 | [raw sql] {}
2026-07-26 21:54:17 | INFO     | sqlalchemy.engine.Engine | base.py:2718 | COMMIT
2026-07-26 21:54:23 | INFO     | root | logging_config.py:44 | Logging system initialized
2026-07-26 21:54:23 | INFO     | sqlalchemy.engine.Engine | base.py:1848 | SELECT DATABASE()
2026-07-26 21:54:23 | INFO     | sqlalchemy.engine.Engine | base.py:1848 | [raw sql] {}
2026-07-26 21:54:23 | INFO     | sqlalchemy.engine.Engine | base.py:1848 | SELECT @@sql_mode
2026-07-26 21:54:23 | INFO     | sqlalchemy.engine.Engine | base.py:1848 | [raw sql] {}
2026-07-26 21:54:23 | INFO     | sqlalchemy.engine.Engine | base.py:1848 | SELECT @@lower_case_table_names
2026-07-26 21:54:23 | INFO     | sqlalchemy.engine.Engine | base.py:1848 | [raw sql] {}
2026-07-26 21:54:23 | INFO     | sqlalchemy.engine.Engine | base.py:2712 | BEGIN (implicit)
2026-07-26 21:54:23 | INFO     | sqlalchemy.engine.Engine | base.py:1848 | DESCRIBE `product_db`.`Products`
2026-07-26 21:54:23 | INFO     | sqlalchemy.engine.Engine | base.py:1848 | [raw sql] {}
2026-07-26 21:54:23 | INFO     | sqlalchemy.engine.Engine | base.py:1848 | DESCRIBE `product_db`.`Categories`
2026-07-26 21:54:23 | INFO     | sqlalchemy.engine.Engine | base.py:1848 | [raw sql] {}
2026-07-26 21:54:23 | INFO     | sqlalchemy.engine.Engine | base.py:2718 | COMMIT
2026-07-26 21:54:28 | INFO     | root | logging_config.py:44 | Logging system initialized
2026-07-26 21:54:28 | INFO     | sqlalchemy.engine.Engine | base.py:1848 | SELECT DATABASE()
2026-07-26 21:54:28 | INFO     | sqlalchemy.engine.Engine | base.py:1848 | [raw sql] {}
2026-07-26 21:54:28 | INFO     | sqlalchemy.engine.Engine | base.py:1848 | SELECT @@sql_mode
2026-07-26 21:54:28 | INFO     | sqlalchemy.engine.Engine | base.py:1848 | [raw sql] {}
2026-07-26 21:54:28 | INFO     | sqlalchemy.engine.Engine | base.py:1848 | SELECT @@lower_case_table_names
2026-07-26 21:54:28 | INFO     | sqlalchemy.engine.Engine | base.py:1848 | [raw sql] {}
2026-07-26 21:54:28 | INFO     | sqlalchemy.engine.Engine | base.py:2712 | BEGIN (implicit)
2026-07-26 21:54:28 | INFO     | sqlalchemy.engine.Engine | base.py:1848 | DESCRIBE `product_db`.`Products`
2026-07-26 21:54:28 | INFO     | sqlalchemy.engine.Engine | base.py:1848 | [raw sql] {}
2026-07-26 21:54:28 | INFO     | sqlalchemy.engine.Engine | base.py:1848 | DESCRIBE `product_db`.`Categories`
2026-07-26 21:54:28 | INFO     | sqlalchemy.engine.Engine | base.py:1848 | [raw sql] {}
2026-07-26 21:54:28 | INFO     | sqlalchemy.engine.Engine | base.py:2718 | COMMIT
2026-07-26 21:54:31 | INFO     | root | logging_config.py:44 | Logging system initialized
2026-07-26 21:54:31 | INFO     | sqlalchemy.engine.Engine | base.py:1848 | SELECT DATABASE()
2026-07-26 21:54:31 | INFO     | sqlalchemy.engine.Engine | base.py:1848 | [raw sql] {}
2026-07-26 21:54:31 | INFO     | sqlalchemy.engine.Engine | base.py:1848 | SELECT @@sql_mode
2026-07-26 21:54:31 | INFO     | sqlalchemy.engine.Engine | base.py:1848 | [raw sql] {}
2026-07-26 21:54:31 | INFO     | sqlalchemy.engine.Engine | base.py:1848 | SELECT @@lower_case_table_names
2026-07-26 21:54:31 | INFO     | sqlalchemy.engine.Engine | base.py:1848 | [raw sql] {}
2026-07-26 21:54:31 | INFO     | sqlalchemy.engine.Engine | base.py:2712 | BEGIN (implicit)
2026-07-26 21:54:31 | INFO     | sqlalchemy.engine.Engine | base.py:1848 | DESCRIBE `product_db`.`Products`
2026-07-26 21:54:31 | INFO     | sqlalchemy.engine.Engine | base.py:1848 | [raw sql] {}
2026-07-26 21:54:31 | INFO     | sqlalchemy.engine.Engine | base.py:1848 | DESCRIBE `product_db`.`Categories`
2026-07-26 21:54:31 | INFO     | sqlalchemy.engine.Engine | base.py:1848 | [raw sql] {}
2026-07-26 21:54:31 | INFO     | sqlalchemy.engine.Engine | base.py:2718 | COMMIT
2026-07-26 21:54:33 | INFO     | root | logging_config.py:44 | Logging system initialized
2026-07-26 21:54:33 | INFO     | sqlalchemy.engine.Engine | base.py:1848 | SELECT DATABASE()
2026-07-26 21:54:33 | INFO     | sqlalchemy.engine.Engine | base.py:1848 | [raw sql] {}
2026-07-26 21:54:33 | INFO     | sqlalchemy.engine.Engine | base.py:1848 | SELECT @@sql_mode
2026-07-26 21:54:33 | INFO     | sqlalchemy.engine.Engine | base.py:1848 | [raw sql] {}
2026-07-26 21:54:33 | INFO     | sqlalchemy.engine.Engine | base.py:1848 | SELECT @@lower_case_table_names
2026-07-26 21:54:33 | INFO     | sqlalchemy.engine.Engine | base.py:1848 | [raw sql] {}
2026-07-26 21:54:33 | INFO     | sqlalchemy.engine.Engine | base.py:2712 | BEGIN (implicit)
2026-07-26 21:54:33 | INFO     | sqlalchemy.engine.Engine | base.py:1848 | DESCRIBE `product_db`.`Products`
2026-07-26 21:54:33 | INFO     | sqlalchemy.engine.Engine | base.py:1848 | [raw sql] {}
2026-07-26 21:54:33 | INFO     | sqlalchemy.engine.Engine | base.py:1848 | DESCRIBE `product_db`.`Categories`
2026-07-26 21:54:33 | INFO     | sqlalchemy.engine.Engine | base.py:1848 | [raw sql] {}
2026-07-26 21:54:33 | INFO     | sqlalchemy.engine.Engine | base.py:2718 | COMMIT
2026-07-26 21:54:41 | INFO     | root | logging_config.py:44 | Logging system initialized
2026-07-26 21:54:41 | INFO     | sqlalchemy.engine.Engine | base.py:1848 | SELECT DATABASE()
2026-07-26 21:54:41 | INFO     | sqlalchemy.engine.Engine | base.py:1848 | [raw sql] {}
2026-07-26 21:54:41 | INFO     | sqlalchemy.engine.Engine | base.py:1848 | SELECT @@sql_mode
2026-07-26 21:54:41 | INFO     | sqlalchemy.engine.Engine | base.py:1848 | [raw sql] {}
2026-07-26 21:54:41 | INFO     | sqlalchemy.engine.Engine | base.py:1848 | SELECT @@lower_case_table_names
2026-07-26 21:54:41 | INFO     | sqlalchemy.engine.Engine | base.py:1848 | [raw sql] {}
2026-07-26 21:54:41 | INFO     | sqlalchemy.engine.Engine | base.py:2712 | BEGIN (implicit)
2026-07-26 21:54:41 | INFO     | sqlalchemy.engine.Engine | base.py:1848 | DESCRIBE `product_db`.`Products`
2026-07-26 21:54:41 | INFO     | sqlalchemy.engine.Engine | base.py:1848 | [raw sql] {}
2026-07-26 21:54:41 | INFO     | sqlalchemy.engine.Engine | base.py:1848 | DESCRIBE `product_db`.`Categories`
2026-07-26 21:54:41 | INFO     | sqlalchemy.engine.Engine | base.py:1848 | [raw sql] {}
2026-07-26 21:54:41 | INFO     | sqlalchemy.engine.Engine | base.py:2718 | COMMIT
2026-07-26 21:54:46 | INFO     | root | logging_config.py:44 | Logging system initialized
2026-07-26 21:54:46 | INFO     | sqlalchemy.engine.Engine | base.py:1848 | SELECT DATABASE()
2026-07-26 21:54:46 | INFO     | sqlalchemy.engine.Engine | base.py:1848 | [raw sql] {}
2026-07-26 21:54:46 | INFO     | sqlalchemy.engine.Engine | base.py:1848 | SELECT @@sql_mode
2026-07-26 21:54:46 | INFO     | sqlalchemy.engine.Engine | base.py:1848 | [raw sql] {}
2026-07-26 21:54:46 | INFO     | sqlalchemy.engine.Engine | base.py:1848 | SELECT @@lower_case_table_names
2026-07-26 21:54:46 | INFO     | sqlalchemy.engine.Engine | base.py:1848 | [raw sql] {}
2026-07-26 21:54:46 | INFO     | sqlalchemy.engine.Engine | base.py:2712 | BEGIN (implicit)
2026-07-26 21:54:46 | INFO     | sqlalchemy.engine.Engine | base.py:1848 | DESCRIBE `product_db`.`Products`
2026-07-26 21:54:46 | INFO     | sqlalchemy.engine.Engine | base.py:1848 | [raw sql] {}
2026-07-26 21:54:46 | INFO     | sqlalchemy.engine.Engine | base.py:1848 | DESCRIBE `product_db`.`Categories`
2026-07-26 21:54:46 | INFO     | sqlalchemy.engine.Engine | base.py:1848 | [raw sql] {}
2026-07-26 21:54:46 | INFO     | sqlalchemy.engine.Engine | base.py:2718 | COMMIT
2026-07-26 21:55:09 | INFO     | root | logging_config.py:44 | Logging system initialized
2026-07-26 21:55:09 | INFO     | sqlalchemy.engine.Engine | base.py:1848 | SELECT DATABASE()
2026-07-26 21:55:09 | INFO     | sqlalchemy.engine.Engine | base.py:1848 | [raw sql] {}
2026-07-26 21:55:09 | INFO     | sqlalchemy.engine.Engine | base.py:1848 | SELECT @@sql_mode
2026-07-26 21:55:09 | INFO     | sqlalchemy.engine.Engine | base.py:1848 | [raw sql] {}
2026-07-26 21:55:09 | INFO     | sqlalchemy.engine.Engine | base.py:1848 | SELECT @@lower_case_table_names
2026-07-26 21:55:09 | INFO     | sqlalchemy.engine.Engine | base.py:1848 | [raw sql] {}
2026-07-26 21:55:09 | INFO     | sqlalchemy.engine.Engine | base.py:2712 | BEGIN (implicit)
2026-07-26 21:55:09 | INFO     | sqlalchemy.engine.Engine | base.py:1848 | DESCRIBE `product_db`.`Products`
2026-07-26 21:55:09 | INFO     | sqlalchemy.engine.Engine | base.py:1848 | [raw sql] {}
2026-07-26 21:55:09 | INFO     | sqlalchemy.engine.Engine | base.py:1848 | DESCRIBE `product_db`.`Categories`
2026-07-26 21:55:09 | INFO     | sqlalchemy.engine.Engine | base.py:1848 | [raw sql] {}
2026-07-26 21:55:09 | INFO     | sqlalchemy.engine.Engine | base.py:2718 | COMMIT
2026-07-26 21:55:18 | INFO     | root | logging_config.py:44 | Logging system initialized
2026-07-26 21:55:18 | INFO     | sqlalchemy.engine.Engine | base.py:1848 | SELECT DATABASE()
2026-07-26 21:55:18 | INFO     | sqlalchemy.engine.Engine | base.py:1848 | [raw sql] {}
2026-07-26 21:55:18 | INFO     | sqlalchemy.engine.Engine | base.py:1848 | SELECT @@sql_mode
2026-07-26 21:55:18 | INFO     | sqlalchemy.engine.Engine | base.py:1848 | [raw sql] {}
2026-07-26 21:55:18 | INFO     | sqlalchemy.engine.Engine | base.py:1848 | SELECT @@lower_case_table_names
2026-07-26 21:55:18 | INFO     | sqlalchemy.engine.Engine | base.py:1848 | [raw sql] {}
2026-07-26 21:55:18 | INFO     | sqlalchemy.engine.Engine | base.py:2712 | BEGIN (implicit)
2026-07-26 21:55:18 | INFO     | sqlalchemy.engine.Engine | base.py:1848 | DESCRIBE `product_db`.`Products`
2026-07-26 21:55:18 | INFO     | sqlalchemy.engine.Engine | base.py:1848 | [raw sql] {}
2026-07-26 21:55:18 | INFO     | sqlalchemy.engine.Engine | base.py:1848 | DESCRIBE `product_db`.`Categories`
2026-07-26 21:55:18 | INFO     | sqlalchemy.engine.Engine | base.py:1848 | [raw sql] {}
2026-07-26 21:55:18 | INFO     | sqlalchemy.engine.Engine | base.py:2718 | COMMIT
2026-07-26 21:55:22 | INFO     | root | logging_config.py:44 | Logging system initialized
2026-07-26 21:55:22 | INFO     | sqlalchemy.engine.Engine | base.py:1848 | SELECT DATABASE()
2026-07-26 21:55:22 | INFO     | sqlalchemy.engine.Engine | base.py:1848 | [raw sql] {}
2026-07-26 21:55:22 | INFO     | sqlalchemy.engine.Engine | base.py:1848 | SELECT @@sql_mode
2026-07-26 21:55:22 | INFO     | sqlalchemy.engine.Engine | base.py:1848 | [raw sql] {}
2026-07-26 21:55:22 | INFO     | sqlalchemy.engine.Engine | base.py:1848 | SELECT @@lower_case_table_names
2026-07-26 21:55:22 | INFO     | sqlalchemy.engine.Engine | base.py:1848 | [raw sql] {}
2026-07-26 21:55:22 | INFO     | sqlalchemy.engine.Engine | base.py:2712 | BEGIN (implicit)
2026-07-26 21:55:22 | INFO     | sqlalchemy.engine.Engine | base.py:1848 | DESCRIBE `product_db`.`Products`
2026-07-26 21:55:22 | INFO     | sqlalchemy.engine.Engine | base.py:1848 | [raw sql] {}
2026-07-26 21:55:22 | INFO     | sqlalchemy.engine.Engine | base.py:1848 | DESCRIBE `product_db`.`Categories`
2026-07-26 21:55:22 | INFO     | sqlalchemy.engine.Engine | base.py:1848 | [raw sql] {}
2026-07-26 21:55:22 | INFO     | sqlalchemy.engine.Engine | base.py:2718 | COMMIT
2026-07-26 21:55:25 | INFO     | root | logging_config.py:44 | Logging system initialized
2026-07-26 21:55:25 | INFO     | sqlalchemy.engine.Engine | base.py:1848 | SELECT DATABASE()
2026-07-26 21:55:25 | INFO     | sqlalchemy.engine.Engine | base.py:1848 | [raw sql] {}
2026-07-26 21:55:25 | INFO     | sqlalchemy.engine.Engine | base.py:1848 | SELECT @@sql_mode
2026-07-26 21:55:25 | INFO     | sqlalchemy.engine.Engine | base.py:1848 | [raw sql] {}
2026-07-26 21:55:25 | INFO     | sqlalchemy.engine.Engine | base.py:1848 | SELECT @@lower_case_table_names
2026-07-26 21:55:25 | INFO     | sqlalchemy.engine.Engine | base.py:1848 | [raw sql] {}
2026-07-26 21:55:25 | INFO     | sqlalchemy.engine.Engine | base.py:2712 | BEGIN (implicit)
2026-07-26 21:55:25 | INFO     | sqlalchemy.engine.Engine | base.py:1848 | DESCRIBE `product_db`.`Products`
2026-07-26 21:55:25 | INFO     | sqlalchemy.engine.Engine | base.py:1848 | [raw sql] {}
2026-07-26 21:55:25 | INFO     | sqlalchemy.engine.Engine | base.py:1848 | DESCRIBE `product_db`.`Categories`
2026-07-26 21:55:25 | INFO     | sqlalchemy.engine.Engine | base.py:1848 | [raw sql] {}
2026-07-26 21:55:25 | INFO     | sqlalchemy.engine.Engine | base.py:2718 | COMMIT
2026-07-26 21:55:38 | INFO     | root | logging_config.py:44 | Logging system initialized
2026-07-26 21:55:38 | INFO     | sqlalchemy.engine.Engine | base.py:1848 | SELECT DATABASE()
2026-07-26 21:55:38 | INFO     | sqlalchemy.engine.Engine | base.py:1848 | [raw sql] {}
2026-07-26 21:55:38 | INFO     | sqlalchemy.engine.Engine | base.py:1848 | SELECT @@sql_mode
2026-07-26 21:55:38 | INFO     | sqlalchemy.engine.Engine | base.py:1848 | [raw sql] {}
2026-07-26 21:55:38 | INFO     | sqlalchemy.engine.Engine | base.py:1848 | SELECT @@lower_case_table_names
2026-07-26 21:55:38 | INFO     | sqlalchemy.engine.Engine | base.py:1848 | [raw sql] {}
2026-07-26 21:55:38 | INFO     | sqlalchemy.engine.Engine | base.py:2712 | BEGIN (implicit)
2026-07-26 21:55:38 | INFO     | sqlalchemy.engine.Engine | base.py:1848 | DESCRIBE `product_db`.`Products`
2026-07-26 21:55:38 | INFO     | sqlalchemy.engine.Engine | base.py:1848 | [raw sql] {}
2026-07-26 21:55:38 | INFO     | sqlalchemy.engine.Engine | base.py:1848 | DESCRIBE `product_db`.`Categories`
2026-07-26 21:55:38 | INFO     | sqlalchemy.engine.Engine | base.py:1848 | [raw sql] {}
2026-07-26 21:55:38 | INFO     | sqlalchemy.engine.Engine | base.py:2718 | COMMIT
2026-07-26 21:55:43 | INFO     | root | logging_config.py:44 | Logging system initialized
2026-07-26 21:55:43 | INFO     | sqlalchemy.engine.Engine | base.py:1848 | SELECT DATABASE()
2026-07-26 21:55:43 | INFO     | sqlalchemy.engine.Engine | base.py:1848 | [raw sql] {}
2026-07-26 21:55:43 | INFO     | sqlalchemy.engine.Engine | base.py:1848 | SELECT @@sql_mode
2026-07-26 21:55:43 | INFO     | sqlalchemy.engine.Engine | base.py:1848 | [raw sql] {}
2026-07-26 21:55:43 | INFO     | sqlalchemy.engine.Engine | base.py:1848 | SELECT @@lower_case_table_names
2026-07-26 21:55:43 | INFO     | sqlalchemy.engine.Engine | base.py:1848 | [raw sql] {}
2026-07-26 21:55:43 | INFO     | sqlalchemy.engine.Engine | base.py:2712 | BEGIN (implicit)
2026-07-26 21:55:43 | INFO     | sqlalchemy.engine.Engine | base.py:1848 | DESCRIBE `product_db`.`Products`
2026-07-26 21:55:43 | INFO     | sqlalchemy.engine.Engine | base.py:1848 | [raw sql] {}
2026-07-26 21:55:43 | INFO     | sqlalchemy.engine.Engine | base.py:1848 | DESCRIBE `product_db`.`Categories`
2026-07-26 21:55:43 | INFO     | sqlalchemy.engine.Engine | base.py:1848 | [raw sql] {}
2026-07-26 21:55:43 | INFO     | sqlalchemy.engine.Engine | base.py:2718 | COMMIT
2026-07-26 21:55:46 | INFO     | root | logging_config.py:44 | Logging system initialized
2026-07-26 21:55:46 | INFO     | sqlalchemy.engine.Engine | base.py:1848 | SELECT DATABASE()
2026-07-26 21:55:46 | INFO     | sqlalchemy.engine.Engine | base.py:1848 | [raw sql] {}
2026-07-26 21:55:46 | INFO     | sqlalchemy.engine.Engine | base.py:1848 | SELECT @@sql_mode
2026-07-26 21:55:46 | INFO     | sqlalchemy.engine.Engine | base.py:1848 | [raw sql] {}
2026-07-26 21:55:46 | INFO     | sqlalchemy.engine.Engine | base.py:1848 | SELECT @@lower_case_table_names
2026-07-26 21:55:46 | INFO     | sqlalchemy.engine.Engine | base.py:1848 | [raw sql] {}
2026-07-26 21:55:46 | INFO     | sqlalchemy.engine.Engine | base.py:2712 | BEGIN (implicit)
2026-07-26 21:55:46 | INFO     | sqlalchemy.engine.Engine | base.py:1848 | DESCRIBE `product_db`.`Products`
2026-07-26 21:55:46 | INFO     | sqlalchemy.engine.Engine | base.py:1848 | [raw sql] {}
2026-07-26 21:55:46 | INFO     | sqlalchemy.engine.Engine | base.py:1848 | DESCRIBE `product_db`.`Categories`
2026-07-26 21:55:46 | INFO     | sqlalchemy.engine.Engine | base.py:1848 | [raw sql] {}
2026-07-26 21:55:46 | INFO     | sqlalchemy.engine.Engine | base.py:2718 | COMMIT
2026-07-26 21:55:49 | INFO     | root | logging_config.py:44 | Logging system initialized
2026-07-26 21:55:49 | INFO     | sqlalchemy.engine.Engine | base.py:1848 | SELECT DATABASE()
2026-07-26 21:55:49 | INFO     | sqlalchemy.engine.Engine | base.py:1848 | [raw sql] {}
2026-07-26 21:55:49 | INFO     | sqlalchemy.engine.Engine | base.py:1848 | SELECT @@sql_mode
2026-07-26 21:55:49 | INFO     | sqlalchemy.engine.Engine | base.py:1848 | [raw sql] {}
2026-07-26 21:55:49 | INFO     | sqlalchemy.engine.Engine | base.py:1848 | SELECT @@lower_case_table_names
2026-07-26 21:55:49 | INFO     | sqlalchemy.engine.Engine | base.py:1848 | [raw sql] {}
2026-07-26 21:55:49 | INFO     | sqlalchemy.engine.Engine | base.py:2712 | BEGIN (implicit)
2026-07-26 21:55:49 | INFO     | sqlalchemy.engine.Engine | base.py:1848 | DESCRIBE `product_db`.`Products`
2026-07-26 21:55:49 | INFO     | sqlalchemy.engine.Engine | base.py:1848 | [raw sql] {}
2026-07-26 21:55:49 | INFO     | sqlalchemy.engine.Engine | base.py:1848 | DESCRIBE `product_db`.`Categories`
2026-07-26 21:55:49 | INFO     | sqlalchemy.engine.Engine | base.py:1848 | [raw sql] {}
2026-07-26 21:55:49 | INFO     | sqlalchemy.engine.Engine | base.py:2718 | COMMIT
2026-07-26 21:55:51 | INFO     | root | logging_config.py:44 | Logging system initialized
2026-07-26 21:55:51 | INFO     | sqlalchemy.engine.Engine | base.py:1848 | SELECT DATABASE()
2026-07-26 21:55:51 | INFO     | sqlalchemy.engine.Engine | base.py:1848 | [raw sql] {}
2026-07-26 21:55:51 | INFO     | sqlalchemy.engine.Engine | base.py:1848 | SELECT @@sql_mode
2026-07-26 21:55:51 | INFO     | sqlalchemy.engine.Engine | base.py:1848 | [raw sql] {}
2026-07-26 21:55:51 | INFO     | sqlalchemy.engine.Engine | base.py:1848 | SELECT @@lower_case_table_names
2026-07-26 21:55:51 | INFO     | sqlalchemy.engine.Engine | base.py:1848 | [raw sql] {}
2026-07-26 21:55:51 | INFO     | sqlalchemy.engine.Engine | base.py:2712 | BEGIN (implicit)
2026-07-26 21:55:51 | INFO     | sqlalchemy.engine.Engine | base.py:1848 | DESCRIBE `product_db`.`Products`
2026-07-26 21:55:51 | INFO     | sqlalchemy.engine.Engine | base.py:1848 | [raw sql] {}
2026-07-26 21:55:51 | INFO     | sqlalchemy.engine.Engine | base.py:1848 | DESCRIBE `product_db`.`Categories`
2026-07-26 21:55:51 | INFO     | sqlalchemy.engine.Engine | base.py:1848 | [raw sql] {}
2026-07-26 21:55:51 | INFO     | sqlalchemy.engine.Engine | base.py:2718 | COMMIT
2026-07-26 21:57:05 | INFO     | root | logging_config.py:44 | Logging system initialized
2026-07-26 21:57:05 | INFO     | sqlalchemy.engine.Engine | base.py:1848 | SELECT DATABASE()
2026-07-26 21:57:05 | INFO     | sqlalchemy.engine.Engine | base.py:1848 | [raw sql] {}
2026-07-26 21:57:05 | INFO     | sqlalchemy.engine.Engine | base.py:1848 | SELECT @@sql_mode
2026-07-26 21:57:05 | INFO     | sqlalchemy.engine.Engine | base.py:1848 | [raw sql] {}
2026-07-26 21:57:05 | INFO     | sqlalchemy.engine.Engine | base.py:1848 | SELECT @@lower_case_table_names
2026-07-26 21:57:05 | INFO     | sqlalchemy.engine.Engine | base.py:1848 | [raw sql] {}
2026-07-26 21:57:05 | INFO     | sqlalchemy.engine.Engine | base.py:2712 | BEGIN (implicit)
2026-07-26 21:57:05 | INFO     | sqlalchemy.engine.Engine | base.py:1848 | DESCRIBE `product_db`.`Products`
2026-07-26 21:57:05 | INFO     | sqlalchemy.engine.Engine | base.py:1848 | [raw sql] {}
2026-07-26 21:57:05 | INFO     | sqlalchemy.engine.Engine | base.py:1848 | DESCRIBE `product_db`.`Categories`
2026-07-26 21:57:05 | INFO     | sqlalchemy.engine.Engine | base.py:1848 | [raw sql] {}
2026-07-26 21:57:05 | INFO     | sqlalchemy.engine.Engine | base.py:2718 | COMMIT
2026-07-26 21:58:30 | INFO     | root | logging_config.py:44 | Logging system initialized
2026-07-26 21:58:30 | INFO     | sqlalchemy.engine.Engine | base.py:1848 | SELECT DATABASE()
2026-07-26 21:58:30 | INFO     | sqlalchemy.engine.Engine | base.py:1848 | [raw sql] {}
2026-07-26 21:58:30 | INFO     | sqlalchemy.engine.Engine | base.py:1848 | SELECT @@sql_mode
2026-07-26 21:58:30 | INFO     | sqlalchemy.engine.Engine | base.py:1848 | [raw sql] {}
2026-07-26 21:58:30 | INFO     | sqlalchemy.engine.Engine | base.py:1848 | SELECT @@lower_case_table_names
2026-07-26 21:58:30 | INFO     | sqlalchemy.engine.Engine | base.py:1848 | [raw sql] {}
2026-07-26 21:58:30 | INFO     | sqlalchemy.engine.Engine | base.py:2712 | BEGIN (implicit)
2026-07-26 21:58:30 | INFO     | sqlalchemy.engine.Engine | base.py:1848 | DESCRIBE `product_db`.`Products`
2026-07-26 21:58:30 | INFO     | sqlalchemy.engine.Engine | base.py:1848 | [raw sql] {}
2026-07-26 21:58:30 | INFO     | sqlalchemy.engine.Engine | base.py:1848 | DESCRIBE `product_db`.`Categories`
2026-07-26 21:58:30 | INFO     | sqlalchemy.engine.Engine | base.py:1848 | [raw sql] {}
2026-07-26 21:58:30 | INFO     | sqlalchemy.engine.Engine | base.py:2718 | COMMIT
2026-07-26 21:58:48 | INFO     | root | logging_config.py:44 | Logging system initialized
2026-07-26 21:58:48 | INFO     | sqlalchemy.engine.Engine | base.py:1848 | SELECT DATABASE()
2026-07-26 21:58:48 | INFO     | sqlalchemy.engine.Engine | base.py:1848 | [raw sql] {}
2026-07-26 21:58:48 | INFO     | sqlalchemy.engine.Engine | base.py:1848 | SELECT @@sql_mode
2026-07-26 21:58:48 | INFO     | sqlalchemy.engine.Engine | base.py:1848 | [raw sql] {}
2026-07-26 21:58:48 | INFO     | sqlalchemy.engine.Engine | base.py:1848 | SELECT @@lower_case_table_names
2026-07-26 21:58:48 | INFO     | sqlalchemy.engine.Engine | base.py:1848 | [raw sql] {}
2026-07-26 21:58:48 | INFO     | sqlalchemy.engine.Engine | base.py:2712 | BEGIN (implicit)
2026-07-26 21:58:48 | INFO     | sqlalchemy.engine.Engine | base.py:1848 | DESCRIBE `product_db`.`Products`
2026-07-26 21:58:48 | INFO     | sqlalchemy.engine.Engine | base.py:1848 | [raw sql] {}
2026-07-26 21:58:48 | INFO     | sqlalchemy.engine.Engine | base.py:1848 | DESCRIBE `product_db`.`Categories`
2026-07-26 21:58:48 | INFO     | sqlalchemy.engine.Engine | base.py:1848 | [raw sql] {}
2026-07-26 21:58:48 | INFO     | sqlalchemy.engine.Engine | base.py:2718 | COMMIT
2026-07-26 21:58:51 | INFO     | root | logging_config.py:44 | Logging system initialized
2026-07-26 21:58:51 | INFO     | sqlalchemy.engine.Engine | base.py:1848 | SELECT DATABASE()
2026-07-26 21:58:51 | INFO     | sqlalchemy.engine.Engine | base.py:1848 | [raw sql] {}
2026-07-26 21:58:51 | INFO     | sqlalchemy.engine.Engine | base.py:1848 | SELECT @@sql_mode
2026-07-26 21:58:51 | INFO     | sqlalchemy.engine.Engine | base.py:1848 | [raw sql] {}
2026-07-26 21:58:51 | INFO     | sqlalchemy.engine.Engine | base.py:1848 | SELECT @@lower_case_table_names
2026-07-26 21:58:51 | INFO     | sqlalchemy.engine.Engine | base.py:1848 | [raw sql] {}
2026-07-26 21:58:51 | INFO     | sqlalchemy.engine.Engine | base.py:2712 | BEGIN (implicit)
2026-07-26 21:58:51 | INFO     | sqlalchemy.engine.Engine | base.py:1848 | DESCRIBE `product_db`.`Products`
2026-07-26 21:58:51 | INFO     | sqlalchemy.engine.Engine | base.py:1848 | [raw sql] {}
2026-07-26 21:58:51 | INFO     | sqlalchemy.engine.Engine | base.py:1848 | DESCRIBE `product_db`.`Categories`
2026-07-26 21:58:51 | INFO     | sqlalchemy.engine.Engine | base.py:1848 | [raw sql] {}
2026-07-26 21:58:51 | INFO     | sqlalchemy.engine.Engine | base.py:2718 | COMMIT
2026-07-26 21:59:09 | INFO     | root | logging_config.py:44 | Logging system initialized
2026-07-26 21:59:09 | INFO     | sqlalchemy.engine.Engine | base.py:1848 | SELECT DATABASE()
2026-07-26 21:59:09 | INFO     | sqlalchemy.engine.Engine | base.py:1848 | [raw sql] {}
2026-07-26 21:59:09 | INFO     | sqlalchemy.engine.Engine | base.py:1848 | SELECT @@sql_mode
2026-07-26 21:59:09 | INFO     | sqlalchemy.engine.Engine | base.py:1848 | [raw sql] {}
2026-07-26 21:59:09 | INFO     | sqlalchemy.engine.Engine | base.py:1848 | SELECT @@lower_case_table_names
2026-07-26 21:59:09 | INFO     | sqlalchemy.engine.Engine | base.py:1848 | [raw sql] {}
2026-07-26 21:59:09 | INFO     | sqlalchemy.engine.Engine | base.py:2712 | BEGIN (implicit)
2026-07-26 21:59:09 | INFO     | sqlalchemy.engine.Engine | base.py:1848 | DESCRIBE `product_db`.`Products`
2026-07-26 21:59:09 | INFO     | sqlalchemy.engine.Engine | base.py:1848 | [raw sql] {}
2026-07-26 21:59:09 | INFO     | sqlalchemy.engine.Engine | base.py:1848 | DESCRIBE `product_db`.`Categories`
2026-07-26 21:59:09 | INFO     | sqlalchemy.engine.Engine | base.py:1848 | [raw sql] {}
2026-07-26 21:59:09 | INFO     | sqlalchemy.engine.Engine | base.py:2718 | COMMIT
2026-07-26 21:59:26 | INFO     | root | logging_config.py:44 | Logging system initialized
2026-07-26 21:59:26 | INFO     | sqlalchemy.engine.Engine | base.py:1848 | SELECT DATABASE()
2026-07-26 21:59:26 | INFO     | sqlalchemy.engine.Engine | base.py:1848 | [raw sql] {}
2026-07-26 21:59:26 | INFO     | sqlalchemy.engine.Engine | base.py:1848 | SELECT @@sql_mode
2026-07-26 21:59:26 | INFO     | sqlalchemy.engine.Engine | base.py:1848 | [raw sql] {}
2026-07-26 21:59:26 | INFO     | sqlalchemy.engine.Engine | base.py:1848 | SELECT @@lower_case_table_names
2026-07-26 21:59:26 | INFO     | sqlalchemy.engine.Engine | base.py:1848 | [raw sql] {}
2026-07-26 21:59:26 | INFO     | sqlalchemy.engine.Engine | base.py:2712 | BEGIN (implicit)
2026-07-26 21:59:26 | INFO     | sqlalchemy.engine.Engine | base.py:1848 | DESCRIBE `product_db`.`Products`
2026-07-26 21:59:26 | INFO     | sqlalchemy.engine.Engine | base.py:1848 | [raw sql] {}
2026-07-26 21:59:26 | INFO     | sqlalchemy.engine.Engine | base.py:1848 | DESCRIBE `product_db`.`Categories`
2026-07-26 21:59:26 | INFO     | sqlalchemy.engine.Engine | base.py:1848 | [raw sql] {}
2026-07-26 21:59:26 | INFO     | sqlalchemy.engine.Engine | base.py:2718 | COMMIT
2026-07-26 22:04:56 | INFO     | root | logging_config.py:44 | Logging system initialized
2026-07-26 22:04:56 | INFO     | sqlalchemy.engine.Engine | base.py:1848 | SELECT DATABASE()
2026-07-26 22:04:56 | INFO     | sqlalchemy.engine.Engine | base.py:1848 | [raw sql] {}
2026-07-26 22:04:56 | INFO     | sqlalchemy.engine.Engine | base.py:1848 | SELECT @@sql_mode
2026-07-26 22:04:56 | INFO     | sqlalchemy.engine.Engine | base.py:1848 | [raw sql] {}
2026-07-26 22:04:56 | INFO     | sqlalchemy.engine.Engine | base.py:1848 | SELECT @@lower_case_table_names
2026-07-26 22:04:56 | INFO     | sqlalchemy.engine.Engine | base.py:1848 | [raw sql] {}
2026-07-26 22:04:56 | INFO     | sqlalchemy.engine.Engine | base.py:2712 | BEGIN (implicit)
2026-07-26 22:04:56 | INFO     | sqlalchemy.engine.Engine | base.py:1848 | DESCRIBE `product_db`.`Products`
2026-07-26 22:04:56 | INFO     | sqlalchemy.engine.Engine | base.py:1848 | [raw sql] {}
2026-07-26 22:04:56 | INFO     | sqlalchemy.engine.Engine | base.py:1848 | DESCRIBE `product_db`.`Categories`
2026-07-26 22:04:56 | INFO     | sqlalchemy.engine.Engine | base.py:1848 | [raw sql] {}
2026-07-26 22:04:56 | INFO     | sqlalchemy.engine.Engine | base.py:2718 | COMMIT
2026-07-26 22:04:59 | INFO     | root | logging_config.py:44 | Logging system initialized
2026-07-26 22:04:59 | INFO     | sqlalchemy.engine.Engine | base.py:1848 | SELECT DATABASE()
2026-07-26 22:04:59 | INFO     | sqlalchemy.engine.Engine | base.py:1848 | [raw sql] {}
2026-07-26 22:04:59 | INFO     | sqlalchemy.engine.Engine | base.py:1848 | SELECT @@sql_mode
2026-07-26 22:04:59 | INFO     | sqlalchemy.engine.Engine | base.py:1848 | [raw sql] {}
2026-07-26 22:04:59 | INFO     | sqlalchemy.engine.Engine | base.py:1848 | SELECT @@lower_case_table_names
2026-07-26 22:04:59 | INFO     | sqlalchemy.engine.Engine | base.py:1848 | [raw sql] {}
2026-07-26 22:04:59 | INFO     | sqlalchemy.engine.Engine | base.py:2712 | BEGIN (implicit)
2026-07-26 22:04:59 | INFO     | sqlalchemy.engine.Engine | base.py:1848 | DESCRIBE `product_db`.`Products`
2026-07-26 22:04:59 | INFO     | sqlalchemy.engine.Engine | base.py:1848 | [raw sql] {}
2026-07-26 22:04:59 | INFO     | sqlalchemy.engine.Engine | base.py:1848 | DESCRIBE `product_db`.`Categories`
2026-07-26 22:04:59 | INFO     | sqlalchemy.engine.Engine | base.py:1848 | [raw sql] {}
2026-07-26 22:04:59 | INFO     | sqlalchemy.engine.Engine | base.py:2718 | COMMIT
2026-07-26 22:05:03 | INFO     | root | logging_config.py:44 | Logging system initialized
2026-07-26 22:05:03 | INFO     | sqlalchemy.engine.Engine | base.py:1848 | SELECT DATABASE()
2026-07-26 22:05:03 | INFO     | sqlalchemy.engine.Engine | base.py:1848 | [raw sql] {}
2026-07-26 22:05:03 | INFO     | sqlalchemy.engine.Engine | base.py:1848 | SELECT @@sql_mode
2026-07-26 22:05:03 | INFO     | sqlalchemy.engine.Engine | base.py:1848 | [raw sql] {}
2026-07-26 22:05:03 | INFO     | sqlalchemy.engine.Engine | base.py:1848 | SELECT @@lower_case_table_names
2026-07-26 22:05:03 | INFO     | sqlalchemy.engine.Engine | base.py:1848 | [raw sql] {}
2026-07-26 22:05:03 | INFO     | sqlalchemy.engine.Engine | base.py:2712 | BEGIN (implicit)
2026-07-26 22:05:03 | INFO     | sqlalchemy.engine.Engine | base.py:1848 | DESCRIBE `product_db`.`Products`
2026-07-26 22:05:03 | INFO     | sqlalchemy.engine.Engine | base.py:1848 | [raw sql] {}
2026-07-26 22:05:03 | INFO     | sqlalchemy.engine.Engine | base.py:1848 | DESCRIBE `product_db`.`Categories`
2026-07-26 22:05:03 | INFO     | sqlalchemy.engine.Engine | base.py:1848 | [raw sql] {}
2026-07-26 22:05:03 | INFO     | sqlalchemy.engine.Engine | base.py:2718 | COMMIT
2026-07-26 22:05:12 | INFO     | root | logging_config.py:44 | Logging system initialized
2026-07-26 22:05:12 | INFO     | sqlalchemy.engine.Engine | base.py:1848 | SELECT DATABASE()
2026-07-26 22:05:12 | INFO     | sqlalchemy.engine.Engine | base.py:1848 | [raw sql] {}
2026-07-26 22:05:12 | INFO     | sqlalchemy.engine.Engine | base.py:1848 | SELECT @@sql_mode
2026-07-26 22:05:12 | INFO     | sqlalchemy.engine.Engine | base.py:1848 | [raw sql] {}
2026-07-26 22:05:12 | INFO     | sqlalchemy.engine.Engine | base.py:1848 | SELECT @@lower_case_table_names
2026-07-26 22:05:12 | INFO     | sqlalchemy.engine.Engine | base.py:1848 | [raw sql] {}
2026-07-26 22:05:12 | INFO     | sqlalchemy.engine.Engine | base.py:2712 | BEGIN (implicit)
2026-07-26 22:05:12 | INFO     | sqlalchemy.engine.Engine | base.py:1848 | DESCRIBE `product_db`.`Products`
2026-07-26 22:05:12 | INFO     | sqlalchemy.engine.Engine | base.py:1848 | [raw sql] {}
2026-07-26 22:05:12 | INFO     | sqlalchemy.engine.Engine | base.py:1848 | DESCRIBE `product_db`.`Categories`
2026-07-26 22:05:12 | INFO     | sqlalchemy.engine.Engine | base.py:1848 | [raw sql] {}
2026-07-26 22:05:12 | INFO     | sqlalchemy.engine.Engine | base.py:2718 | COMMIT
2026-07-26 22:05:20 | INFO     | root | logging_config.py:44 | Logging system initialized
2026-07-26 22:05:20 | INFO     | sqlalchemy.engine.Engine | base.py:1848 | SELECT DATABASE()
2026-07-26 22:05:20 | INFO     | sqlalchemy.engine.Engine | base.py:1848 | [raw sql] {}
2026-07-26 22:05:20 | INFO     | sqlalchemy.engine.Engine | base.py:1848 | SELECT @@sql_mode
2026-07-26 22:05:20 | INFO     | sqlalchemy.engine.Engine | base.py:1848 | [raw sql] {}
2026-07-26 22:05:20 | INFO     | sqlalchemy.engine.Engine | base.py:1848 | SELECT @@lower_case_table_names
2026-07-26 22:05:20 | INFO     | sqlalchemy.engine.Engine | base.py:1848 | [raw sql] {}
2026-07-26 22:05:20 | INFO     | sqlalchemy.engine.Engine | base.py:2712 | BEGIN (implicit)
2026-07-26 22:05:20 | INFO     | sqlalchemy.engine.Engine | base.py:1848 | DESCRIBE `product_db`.`Products`
2026-07-26 22:05:20 | INFO     | sqlalchemy.engine.Engine | base.py:1848 | [raw sql] {}
2026-07-26 22:05:20 | INFO     | sqlalchemy.engine.Engine | base.py:1848 | DESCRIBE `product_db`.`Categories`
2026-07-26 22:05:20 | INFO     | sqlalchemy.engine.Engine | base.py:1848 | [raw sql] {}
2026-07-26 22:05:20 | INFO     | sqlalchemy.engine.Engine | base.py:2718 | COMMIT
2026-07-26 22:05:23 | INFO     | root | logging_config.py:44 | Logging system initialized
2026-07-26 22:05:23 | INFO     | sqlalchemy.engine.Engine | base.py:1848 | SELECT DATABASE()
2026-07-26 22:05:23 | INFO     | sqlalchemy.engine.Engine | base.py:1848 | [raw sql] {}
2026-07-26 22:05:23 | INFO     | sqlalchemy.engine.Engine | base.py:1848 | SELECT @@sql_mode
2026-07-26 22:05:23 | INFO     | sqlalchemy.engine.Engine | base.py:1848 | [raw sql] {}
2026-07-26 22:05:23 | INFO     | sqlalchemy.engine.Engine | base.py:1848 | SELECT @@lower_case_table_names
2026-07-26 22:05:23 | INFO     | sqlalchemy.engine.Engine | base.py:1848 | [raw sql] {}
2026-07-26 22:05:23 | INFO     | sqlalchemy.engine.Engine | base.py:2712 | BEGIN (implicit)
2026-07-26 22:05:23 | INFO     | sqlalchemy.engine.Engine | base.py:1848 | DESCRIBE `product_db`.`Products`
2026-07-26 22:05:23 | INFO     | sqlalchemy.engine.Engine | base.py:1848 | [raw sql] {}
2026-07-26 22:05:24 | INFO     | sqlalchemy.engine.Engine | base.py:1848 | DESCRIBE `product_db`.`Categories`
2026-07-26 22:05:24 | INFO     | sqlalchemy.engine.Engine | base.py:1848 | [raw sql] {}
2026-07-26 22:05:24 | INFO     | sqlalchemy.engine.Engine | base.py:2718 | COMMIT
2026-07-26 22:05:26 | INFO     | root | logging_config.py:44 | Logging system initialized
2026-07-26 22:05:26 | INFO     | sqlalchemy.engine.Engine | base.py:1848 | SELECT DATABASE()
2026-07-26 22:05:26 | INFO     | sqlalchemy.engine.Engine | base.py:1848 | [raw sql] {}
2026-07-26 22:05:26 | INFO     | sqlalchemy.engine.Engine | base.py:1848 | SELECT @@sql_mode
2026-07-26 22:05:26 | INFO     | sqlalchemy.engine.Engine | base.py:1848 | [raw sql] {}
2026-07-26 22:05:26 | INFO     | sqlalchemy.engine.Engine | base.py:1848 | SELECT @@lower_case_table_names
2026-07-26 22:05:26 | INFO     | sqlalchemy.engine.Engine | base.py:1848 | [raw sql] {}
2026-07-26 22:05:26 | INFO     | sqlalchemy.engine.Engine | base.py:2712 | BEGIN (implicit)
2026-07-26 22:05:26 | INFO     | sqlalchemy.engine.Engine | base.py:1848 | DESCRIBE `product_db`.`Products`
2026-07-26 22:05:26 | INFO     | sqlalchemy.engine.Engine | base.py:1848 | [raw sql] {}
2026-07-26 22:05:26 | INFO     | sqlalchemy.engine.Engine | base.py:1848 | DESCRIBE `product_db`.`Categories`
2026-07-26 22:05:26 | INFO     | sqlalchemy.engine.Engine | base.py:1848 | [raw sql] {}
2026-07-26 22:05:26 | INFO     | sqlalchemy.engine.Engine | base.py:2718 | COMMIT
2026-07-26 22:05:43 | INFO     | root | logging_config.py:44 | Logging system initialized
2026-07-26 22:05:43 | INFO     | sqlalchemy.engine.Engine | base.py:1848 | SELECT DATABASE()
2026-07-26 22:05:43 | INFO     | sqlalchemy.engine.Engine | base.py:1848 | [raw sql] {}
2026-07-26 22:05:43 | INFO     | sqlalchemy.engine.Engine | base.py:1848 | SELECT @@sql_mode
2026-07-26 22:05:43 | INFO     | sqlalchemy.engine.Engine | base.py:1848 | [raw sql] {}
2026-07-26 22:05:43 | INFO     | sqlalchemy.engine.Engine | base.py:1848 | SELECT @@lower_case_table_names
2026-07-26 22:05:43 | INFO     | sqlalchemy.engine.Engine | base.py:1848 | [raw sql] {}
2026-07-26 22:05:43 | INFO     | sqlalchemy.engine.Engine | base.py:2712 | BEGIN (implicit)
2026-07-26 22:05:43 | INFO     | sqlalchemy.engine.Engine | base.py:1848 | DESCRIBE `product_db`.`Products`
2026-07-26 22:05:43 | INFO     | sqlalchemy.engine.Engine | base.py:1848 | [raw sql] {}
2026-07-26 22:05:43 | INFO     | sqlalchemy.engine.Engine | base.py:1848 | DESCRIBE `product_db`.`Categories`
2026-07-26 22:05:43 | INFO     | sqlalchemy.engine.Engine | base.py:1848 | [raw sql] {}
2026-07-26 22:05:43 | INFO     | sqlalchemy.engine.Engine | base.py:2718 | COMMIT
2026-07-26 22:05:46 | INFO     | root | logging_config.py:44 | Logging system initialized
2026-07-26 22:05:46 | INFO     | sqlalchemy.engine.Engine | base.py:1848 | SELECT DATABASE()
2026-07-26 22:05:46 | INFO     | sqlalchemy.engine.Engine | base.py:1848 | [raw sql] {}
2026-07-26 22:05:46 | INFO     | sqlalchemy.engine.Engine | base.py:1848 | SELECT @@sql_mode
2026-07-26 22:05:46 | INFO     | sqlalchemy.engine.Engine | base.py:1848 | [raw sql] {}
2026-07-26 22:05:46 | INFO     | sqlalchemy.engine.Engine | base.py:1848 | SELECT @@lower_case_table_names
2026-07-26 22:05:46 | INFO     | sqlalchemy.engine.Engine | base.py:1848 | [raw sql] {}
2026-07-26 22:05:46 | INFO     | sqlalchemy.engine.Engine | base.py:2712 | BEGIN (implicit)
2026-07-26 22:05:46 | INFO     | sqlalchemy.engine.Engine | base.py:1848 | DESCRIBE `product_db`.`Products`
2026-07-26 22:05:46 | INFO     | sqlalchemy.engine.Engine | base.py:1848 | [raw sql] {}
2026-07-26 22:05:46 | INFO     | sqlalchemy.engine.Engine | base.py:1848 | DESCRIBE `product_db`.`Categories`
2026-07-26 22:05:46 | INFO     | sqlalchemy.engine.Engine | base.py:1848 | [raw sql] {}
2026-07-26 22:05:46 | INFO     | sqlalchemy.engine.Engine | base.py:2718 | COMMIT
2026-07-26 22:05:53 | INFO     | root | logging_config.py:44 | Logging system initialized
2026-07-26 22:05:53 | INFO     | sqlalchemy.engine.Engine | base.py:1848 | SELECT DATABASE()
2026-07-26 22:05:53 | INFO     | sqlalchemy.engine.Engine | base.py:1848 | [raw sql] {}
2026-07-26 22:05:53 | INFO     | sqlalchemy.engine.Engine | base.py:1848 | SELECT @@sql_mode
2026-07-26 22:05:53 | INFO     | sqlalchemy.engine.Engine | base.py:1848 | [raw sql] {}
2026-07-26 22:05:53 | INFO     | sqlalchemy.engine.Engine | base.py:1848 | SELECT @@lower_case_table_names
2026-07-26 22:05:53 | INFO     | sqlalchemy.engine.Engine | base.py:1848 | [raw sql] {}
2026-07-26 22:05:53 | INFO     | sqlalchemy.engine.Engine | base.py:2712 | BEGIN (implicit)
2026-07-26 22:05:53 | INFO     | sqlalchemy.engine.Engine | base.py:1848 | DESCRIBE `product_db`.`Products`
2026-07-26 22:05:53 | INFO     | sqlalchemy.engine.Engine | base.py:1848 | [raw sql] {}
2026-07-26 22:05:53 | INFO     | sqlalchemy.engine.Engine | base.py:1848 | DESCRIBE `product_db`.`Categories`
2026-07-26 22:05:53 | INFO     | sqlalchemy.engine.Engine | base.py:1848 | [raw sql] {}
2026-07-26 22:05:53 | INFO     | sqlalchemy.engine.Engine | base.py:2718 | COMMIT
2026-07-26 22:05:56 | INFO     | root | logging_config.py:44 | Logging system initialized
2026-07-26 22:05:56 | INFO     | sqlalchemy.engine.Engine | base.py:1848 | SELECT DATABASE()
2026-07-26 22:05:56 | INFO     | sqlalchemy.engine.Engine | base.py:1848 | [raw sql] {}
2026-07-26 22:05:56 | INFO     | sqlalchemy.engine.Engine | base.py:1848 | SELECT @@sql_mode
2026-07-26 22:05:56 | INFO     | sqlalchemy.engine.Engine | base.py:1848 | [raw sql] {}
2026-07-26 22:05:56 | INFO     | sqlalchemy.engine.Engine | base.py:1848 | SELECT @@lower_case_table_names
2026-07-26 22:05:56 | INFO     | sqlalchemy.engine.Engine | base.py:1848 | [raw sql] {}
2026-07-26 22:05:56 | INFO     | sqlalchemy.engine.Engine | base.py:2712 | BEGIN (implicit)
2026-07-26 22:05:56 | INFO     | sqlalchemy.engine.Engine | base.py:1848 | DESCRIBE `product_db`.`Products`
2026-07-26 22:05:56 | INFO     | sqlalchemy.engine.Engine | base.py:1848 | [raw sql] {}
2026-07-26 22:05:56 | INFO     | sqlalchemy.engine.Engine | base.py:1848 | DESCRIBE `product_db`.`Categories`
2026-07-26 22:05:56 | INFO     | sqlalchemy.engine.Engine | base.py:1848 | [raw sql] {}
2026-07-26 22:05:56 | INFO     | sqlalchemy.engine.Engine | base.py:2718 | COMMIT
2026-07-26 22:06:00 | INFO     | root | logging_config.py:44 | Logging system initialized
2026-07-26 22:06:00 | INFO     | sqlalchemy.engine.Engine | base.py:1848 | SELECT DATABASE()
2026-07-26 22:06:00 | INFO     | sqlalchemy.engine.Engine | base.py:1848 | [raw sql] {}
2026-07-26 22:06:00 | INFO     | sqlalchemy.engine.Engine | base.py:1848 | SELECT @@sql_mode
2026-07-26 22:06:00 | INFO     | sqlalchemy.engine.Engine | base.py:1848 | [raw sql] {}
2026-07-26 22:06:00 | INFO     | sqlalchemy.engine.Engine | base.py:1848 | SELECT @@lower_case_table_names
2026-07-26 22:06:00 | INFO     | sqlalchemy.engine.Engine | base.py:1848 | [raw sql] {}
2026-07-26 22:06:00 | INFO     | sqlalchemy.engine.Engine | base.py:2712 | BEGIN (implicit)
2026-07-26 22:06:00 | INFO     | sqlalchemy.engine.Engine | base.py:1848 | DESCRIBE `product_db`.`Products`
2026-07-26 22:06:00 | INFO     | sqlalchemy.engine.Engine | base.py:1848 | [raw sql] {}
2026-07-26 22:06:00 | INFO     | sqlalchemy.engine.Engine | base.py:1848 | DESCRIBE `product_db`.`Categories`
2026-07-26 22:06:00 | INFO     | sqlalchemy.engine.Engine | base.py:1848 | [raw sql] {}
2026-07-26 22:06:00 | INFO     | sqlalchemy.engine.Engine | base.py:2718 | COMMIT
2026-07-26 22:08:36 | INFO     | root | logging_config.py:44 | Logging system initialized
2026-07-26 22:08:36 | INFO     | sqlalchemy.engine.Engine | base.py:1848 | SELECT DATABASE()
2026-07-26 22:08:36 | INFO     | sqlalchemy.engine.Engine | base.py:1848 | [raw sql] {}
2026-07-26 22:08:36 | INFO     | sqlalchemy.engine.Engine | base.py:1848 | SELECT @@sql_mode
2026-07-26 22:08:36 | INFO     | sqlalchemy.engine.Engine | base.py:1848 | [raw sql] {}
2026-07-26 22:08:36 | INFO     | sqlalchemy.engine.Engine | base.py:1848 | SELECT @@lower_case_table_names
2026-07-26 22:08:36 | INFO     | sqlalchemy.engine.Engine | base.py:1848 | [raw sql] {}
2026-07-26 22:08:36 | INFO     | sqlalchemy.engine.Engine | base.py:2712 | BEGIN (implicit)
2026-07-26 22:08:36 | INFO     | sqlalchemy.engine.Engine | base.py:1848 | DESCRIBE `product_db`.`Products`
2026-07-26 22:08:36 | INFO     | sqlalchemy.engine.Engine | base.py:1848 | [raw sql] {}
2026-07-26 22:08:36 | INFO     | sqlalchemy.engine.Engine | base.py:1848 | DESCRIBE `product_db`.`Categories`
2026-07-26 22:08:36 | INFO     | sqlalchemy.engine.Engine | base.py:1848 | [raw sql] {}
2026-07-26 22:08:36 | INFO     | sqlalchemy.engine.Engine | base.py:2718 | COMMIT
2026-07-26 22:08:40 | INFO     | root | logging_config.py:44 | Logging system initialized
2026-07-26 22:08:40 | INFO     | sqlalchemy.engine.Engine | base.py:1848 | SELECT DATABASE()
2026-07-26 22:08:40 | INFO     | sqlalchemy.engine.Engine | base.py:1848 | [raw sql] {}
2026-07-26 22:08:40 | INFO     | sqlalchemy.engine.Engine | base.py:1848 | SELECT @@sql_mode
2026-07-26 22:08:40 | INFO     | sqlalchemy.engine.Engine | base.py:1848 | [raw sql] {}
2026-07-26 22:08:40 | INFO     | sqlalchemy.engine.Engine | base.py:1848 | SELECT @@lower_case_table_names
2026-07-26 22:08:40 | INFO     | sqlalchemy.engine.Engine | base.py:1848 | [raw sql] {}
2026-07-26 22:08:40 | INFO     | sqlalchemy.engine.Engine | base.py:2712 | BEGIN (implicit)
2026-07-26 22:08:40 | INFO     | sqlalchemy.engine.Engine | base.py:1848 | DESCRIBE `product_db`.`Products`
2026-07-26 22:08:40 | INFO     | sqlalchemy.engine.Engine | base.py:1848 | [raw sql] {}
2026-07-26 22:08:40 | INFO     | sqlalchemy.engine.Engine | base.py:1848 | DESCRIBE `product_db`.`Categories`
2026-07-26 22:08:40 | INFO     | sqlalchemy.engine.Engine | base.py:1848 | [raw sql] {}
2026-07-26 22:08:40 | INFO     | sqlalchemy.engine.Engine | base.py:2718 | COMMIT
2026-07-26 22:08:42 | INFO     | root | logging_config.py:44 | Logging system initialized
2026-07-26 22:08:42 | INFO     | sqlalchemy.engine.Engine | base.py:1848 | SELECT DATABASE()
2026-07-26 22:08:42 | INFO     | sqlalchemy.engine.Engine | base.py:1848 | [raw sql] {}
2026-07-26 22:08:42 | INFO     | sqlalchemy.engine.Engine | base.py:1848 | SELECT @@sql_mode
2026-07-26 22:08:42 | INFO     | sqlalchemy.engine.Engine | base.py:1848 | [raw sql] {}
2026-07-26 22:08:42 | INFO     | sqlalchemy.engine.Engine | base.py:1848 | SELECT @@lower_case_table_names
2026-07-26 22:08:42 | INFO     | sqlalchemy.engine.Engine | base.py:1848 | [raw sql] {}
2026-07-26 22:08:42 | INFO     | sqlalchemy.engine.Engine | base.py:2712 | BEGIN (implicit)
2026-07-26 22:08:42 | INFO     | sqlalchemy.engine.Engine | base.py:1848 | DESCRIBE `product_db`.`Products`
2026-07-26 22:08:42 | INFO     | sqlalchemy.engine.Engine | base.py:1848 | [raw sql] {}
2026-07-26 22:08:42 | INFO     | sqlalchemy.engine.Engine | base.py:1848 | DESCRIBE `product_db`.`Categories`
2026-07-26 22:08:42 | INFO     | sqlalchemy.engine.Engine | base.py:1848 | [raw sql] {}
2026-07-26 22:08:42 | INFO     | sqlalchemy.engine.Engine | base.py:2718 | COMMIT
2026-07-26 22:08:52 | INFO     | root | logging_config.py:44 | Logging system initialized
2026-07-26 22:08:52 | INFO     | sqlalchemy.engine.Engine | base.py:1848 | SELECT DATABASE()
2026-07-26 22:08:52 | INFO     | sqlalchemy.engine.Engine | base.py:1848 | [raw sql] {}
2026-07-26 22:08:52 | INFO     | sqlalchemy.engine.Engine | base.py:1848 | SELECT @@sql_mode
2026-07-26 22:08:52 | INFO     | sqlalchemy.engine.Engine | base.py:1848 | [raw sql] {}
2026-07-26 22:08:52 | INFO     | sqlalchemy.engine.Engine | base.py:1848 | SELECT @@lower_case_table_names
2026-07-26 22:08:52 | INFO     | sqlalchemy.engine.Engine | base.py:1848 | [raw sql] {}
2026-07-26 22:08:52 | INFO     | sqlalchemy.engine.Engine | base.py:2712 | BEGIN (implicit)
2026-07-26 22:08:52 | INFO     | sqlalchemy.engine.Engine | base.py:1848 | DESCRIBE `product_db`.`Products`
2026-07-26 22:08:52 | INFO     | sqlalchemy.engine.Engine | base.py:1848 | [raw sql] {}
2026-07-26 22:08:52 | INFO     | sqlalchemy.engine.Engine | base.py:1848 | DESCRIBE `product_db`.`Categories`
2026-07-26 22:08:52 | INFO     | sqlalchemy.engine.Engine | base.py:1848 | [raw sql] {}
2026-07-26 22:08:52 | INFO     | sqlalchemy.engine.Engine | base.py:2718 | COMMIT
2026-07-26 22:08:55 | INFO     | root | logging_config.py:44 | Logging system initialized
2026-07-26 22:08:55 | INFO     | sqlalchemy.engine.Engine | base.py:1848 | SELECT DATABASE()
2026-07-26 22:08:55 | INFO     | sqlalchemy.engine.Engine | base.py:1848 | [raw sql] {}
2026-07-26 22:08:55 | INFO     | sqlalchemy.engine.Engine | base.py:1848 | SELECT @@sql_mode
2026-07-26 22:08:55 | INFO     | sqlalchemy.engine.Engine | base.py:1848 | [raw sql] {}
2026-07-26 22:08:55 | INFO     | sqlalchemy.engine.Engine | base.py:1848 | SELECT @@lower_case_table_names
2026-07-26 22:08:55 | INFO     | sqlalchemy.engine.Engine | base.py:1848 | [raw sql] {}
2026-07-26 22:08:55 | INFO     | sqlalchemy.engine.Engine | base.py:2712 | BEGIN (implicit)
2026-07-26 22:08:55 | INFO     | sqlalchemy.engine.Engine | base.py:1848 | DESCRIBE `product_db`.`Products`
2026-07-26 22:08:55 | INFO     | sqlalchemy.engine.Engine | base.py:1848 | [raw sql] {}
2026-07-26 22:08:55 | INFO     | sqlalchemy.engine.Engine | base.py:1848 | DESCRIBE `product_db`.`Categories`
2026-07-26 22:08:55 | INFO     | sqlalchemy.engine.Engine | base.py:1848 | [raw sql] {}
2026-07-26 22:08:55 | INFO     | sqlalchemy.engine.Engine | base.py:2718 | COMMIT
2026-07-26 22:09:44 | INFO     | root | logging_config.py:44 | Logging system initialized
2026-07-26 22:09:45 | INFO     | sqlalchemy.engine.Engine | base.py:1848 | SELECT DATABASE()
2026-07-26 22:09:45 | INFO     | sqlalchemy.engine.Engine | base.py:1848 | [raw sql] {}
2026-07-26 22:09:45 | INFO     | sqlalchemy.engine.Engine | base.py:1848 | SELECT @@sql_mode
2026-07-26 22:09:45 | INFO     | sqlalchemy.engine.Engine | base.py:1848 | [raw sql] {}
2026-07-26 22:09:45 | INFO     | sqlalchemy.engine.Engine | base.py:1848 | SELECT @@lower_case_table_names
2026-07-26 22:09:45 | INFO     | sqlalchemy.engine.Engine | base.py:1848 | [raw sql] {}
2026-07-26 22:09:45 | INFO     | sqlalchemy.engine.Engine | base.py:2712 | BEGIN (implicit)
2026-07-26 22:09:45 | INFO     | sqlalchemy.engine.Engine | base.py:1848 | DESCRIBE `product_db`.`Products`
2026-07-26 22:09:45 | INFO     | sqlalchemy.engine.Engine | base.py:1848 | [raw sql] {}
2026-07-26 22:09:45 | INFO     | sqlalchemy.engine.Engine | base.py:1848 | DESCRIBE `product_db`.`Categories`
2026-07-26 22:09:45 | INFO     | sqlalchemy.engine.Engine | base.py:1848 | [raw sql] {}
2026-07-26 22:09:45 | INFO     | sqlalchemy.engine.Engine | base.py:2718 | COMMIT
2026-07-26 22:09:47 | INFO     | root | logging_config.py:44 | Logging system initialized
2026-07-26 22:09:47 | INFO     | sqlalchemy.engine.Engine | base.py:1848 | SELECT DATABASE()
2026-07-26 22:09:47 | INFO     | sqlalchemy.engine.Engine | base.py:1848 | [raw sql] {}
2026-07-26 22:09:47 | INFO     | sqlalchemy.engine.Engine | base.py:1848 | SELECT @@sql_mode
2026-07-26 22:09:47 | INFO     | sqlalchemy.engine.Engine | base.py:1848 | [raw sql] {}
2026-07-26 22:09:47 | INFO     | sqlalchemy.engine.Engine | base.py:1848 | SELECT @@lower_case_table_names
2026-07-26 22:09:47 | INFO     | sqlalchemy.engine.Engine | base.py:1848 | [raw sql] {}
2026-07-26 22:09:47 | INFO     | sqlalchemy.engine.Engine | base.py:2712 | BEGIN (implicit)
2026-07-26 22:09:47 | INFO     | sqlalchemy.engine.Engine | base.py:1848 | DESCRIBE `product_db`.`Products`
2026-07-26 22:09:47 | INFO     | sqlalchemy.engine.Engine | base.py:1848 | [raw sql] {}
2026-07-26 22:09:47 | INFO     | sqlalchemy.engine.Engine | base.py:1848 | DESCRIBE `product_db`.`Categories`
2026-07-26 22:09:47 | INFO     | sqlalchemy.engine.Engine | base.py:1848 | [raw sql] {}
2026-07-26 22:09:47 | INFO     | sqlalchemy.engine.Engine | base.py:2718 | COMMIT
2026-07-26 22:09:51 | INFO     | root | logging_config.py:44 | Logging system initialized
2026-07-26 22:09:51 | INFO     | sqlalchemy.engine.Engine | base.py:1848 | SELECT DATABASE()
2026-07-26 22:09:51 | INFO     | sqlalchemy.engine.Engine | base.py:1848 | [raw sql] {}
2026-07-26 22:09:51 | INFO     | sqlalchemy.engine.Engine | base.py:1848 | SELECT @@sql_mode
2026-07-26 22:09:51 | INFO     | sqlalchemy.engine.Engine | base.py:1848 | [raw sql] {}
2026-07-26 22:09:51 | INFO     | sqlalchemy.engine.Engine | base.py:1848 | SELECT @@lower_case_table_names
2026-07-26 22:09:51 | INFO     | sqlalchemy.engine.Engine | base.py:1848 | [raw sql] {}
2026-07-26 22:09:51 | INFO     | sqlalchemy.engine.Engine | base.py:2712 | BEGIN (implicit)
2026-07-26 22:09:51 | INFO     | sqlalchemy.engine.Engine | base.py:1848 | DESCRIBE `product_db`.`Products`
2026-07-26 22:09:51 | INFO     | sqlalchemy.engine.Engine | base.py:1848 | [raw sql] {}
2026-07-26 22:09:51 | INFO     | sqlalchemy.engine.Engine | base.py:1848 | DESCRIBE `product_db`.`Categories`
2026-07-26 22:09:51 | INFO     | sqlalchemy.engine.Engine | base.py:1848 | [raw sql] {}
2026-07-26 22:09:51 | INFO     | sqlalchemy.engine.Engine | base.py:2718 | COMMIT
2026-07-26 22:09:55 | INFO     | root | logging_config.py:44 | Logging system initialized
2026-07-26 22:09:55 | INFO     | sqlalchemy.engine.Engine | base.py:1848 | SELECT DATABASE()
2026-07-26 22:09:55 | INFO     | sqlalchemy.engine.Engine | base.py:1848 | [raw sql] {}
2026-07-26 22:09:55 | INFO     | sqlalchemy.engine.Engine | base.py:1848 | SELECT @@sql_mode
2026-07-26 22:09:55 | INFO     | sqlalchemy.engine.Engine | base.py:1848 | [raw sql] {}
2026-07-26 22:09:55 | INFO     | sqlalchemy.engine.Engine | base.py:1848 | SELECT @@lower_case_table_names
2026-07-26 22:09:55 | INFO     | sqlalchemy.engine.Engine | base.py:1848 | [raw sql] {}
2026-07-26 22:09:55 | INFO     | sqlalchemy.engine.Engine | base.py:2712 | BEGIN (implicit)
2026-07-26 22:09:55 | INFO     | sqlalchemy.engine.Engine | base.py:1848 | DESCRIBE `product_db`.`Products`
2026-07-26 22:09:55 | INFO     | sqlalchemy.engine.Engine | base.py:1848 | [raw sql] {}
2026-07-26 22:09:55 | INFO     | sqlalchemy.engine.Engine | base.py:1848 | DESCRIBE `product_db`.`Categories`
2026-07-26 22:09:55 | INFO     | sqlalchemy.engine.Engine | base.py:1848 | [raw sql] {}
2026-07-26 22:09:55 | INFO     | sqlalchemy.engine.Engine | base.py:2718 | COMMIT
2026-07-26 22:10:03 | INFO     | root | logging_config.py:44 | Logging system initialized
2026-07-26 22:10:03 | INFO     | sqlalchemy.engine.Engine | base.py:1848 | SELECT DATABASE()
2026-07-26 22:10:03 | INFO     | sqlalchemy.engine.Engine | base.py:1848 | [raw sql] {}
2026-07-26 22:10:03 | INFO     | sqlalchemy.engine.Engine | base.py:1848 | SELECT @@sql_mode
2026-07-26 22:10:03 | INFO     | sqlalchemy.engine.Engine | base.py:1848 | [raw sql] {}
2026-07-26 22:10:03 | INFO     | sqlalchemy.engine.Engine | base.py:1848 | SELECT @@lower_case_table_names
2026-07-26 22:10:03 | INFO     | sqlalchemy.engine.Engine | base.py:1848 | [raw sql] {}
2026-07-26 22:10:03 | INFO     | sqlalchemy.engine.Engine | base.py:2712 | BEGIN (implicit)
2026-07-26 22:10:03 | INFO     | sqlalchemy.engine.Engine | base.py:1848 | DESCRIBE `product_db`.`Products`
2026-07-26 22:10:03 | INFO     | sqlalchemy.engine.Engine | base.py:1848 | [raw sql] {}
2026-07-26 22:10:03 | INFO     | sqlalchemy.engine.Engine | base.py:1848 | DESCRIBE `product_db`.`Categories`
2026-07-26 22:10:03 | INFO     | sqlalchemy.engine.Engine | base.py:1848 | [raw sql] {}
2026-07-26 22:10:03 | INFO     | sqlalchemy.engine.Engine | base.py:2718 | COMMIT
2026-07-26 22:10:11 | INFO     | root | logging_config.py:44 | Logging system initialized
2026-07-26 22:10:11 | INFO     | sqlalchemy.engine.Engine | base.py:1848 | SELECT DATABASE()
2026-07-26 22:10:11 | INFO     | sqlalchemy.engine.Engine | base.py:1848 | [raw sql] {}
2026-07-26 22:10:11 | INFO     | sqlalchemy.engine.Engine | base.py:1848 | SELECT @@sql_mode
2026-07-26 22:10:11 | INFO     | sqlalchemy.engine.Engine | base.py:1848 | [raw sql] {}
2026-07-26 22:10:11 | INFO     | sqlalchemy.engine.Engine | base.py:1848 | SELECT @@lower_case_table_names
2026-07-26 22:10:11 | INFO     | sqlalchemy.engine.Engine | base.py:1848 | [raw sql] {}
2026-07-26 22:10:11 | INFO     | sqlalchemy.engine.Engine | base.py:2712 | BEGIN (implicit)
2026-07-26 22:10:11 | INFO     | sqlalchemy.engine.Engine | base.py:1848 | DESCRIBE `product_db`.`Products`
2026-07-26 22:10:11 | INFO     | sqlalchemy.engine.Engine | base.py:1848 | [raw sql] {}
2026-07-26 22:10:11 | INFO     | sqlalchemy.engine.Engine | base.py:1848 | DESCRIBE `product_db`.`Categories`
2026-07-26 22:10:11 | INFO     | sqlalchemy.engine.Engine | base.py:1848 | [raw sql] {}
2026-07-26 22:10:11 | INFO     | sqlalchemy.engine.Engine | base.py:2718 | COMMIT
2026-07-26 22:10:14 | INFO     | root | logging_config.py:44 | Logging system initialized
2026-07-26 22:10:14 | INFO     | sqlalchemy.engine.Engine | base.py:1848 | SELECT DATABASE()
2026-07-26 22:10:14 | INFO     | sqlalchemy.engine.Engine | base.py:1848 | [raw sql] {}
2026-07-26 22:10:14 | INFO     | sqlalchemy.engine.Engine | base.py:1848 | SELECT @@sql_mode
2026-07-26 22:10:14 | INFO     | sqlalchemy.engine.Engine | base.py:1848 | [raw sql] {}
2026-07-26 22:10:14 | INFO     | sqlalchemy.engine.Engine | base.py:1848 | SELECT @@lower_case_table_names
2026-07-26 22:10:14 | INFO     | sqlalchemy.engine.Engine | base.py:1848 | [raw sql] {}
2026-07-26 22:10:14 | INFO     | sqlalchemy.engine.Engine | base.py:2712 | BEGIN (implicit)
2026-07-26 22:10:14 | INFO     | sqlalchemy.engine.Engine | base.py:1848 | DESCRIBE `product_db`.`Products`
2026-07-26 22:10:14 | INFO     | sqlalchemy.engine.Engine | base.py:1848 | [raw sql] {}
2026-07-26 22:10:14 | INFO     | sqlalchemy.engine.Engine | base.py:1848 | DESCRIBE `product_db`.`Categories`
2026-07-26 22:10:14 | INFO     | sqlalchemy.engine.Engine | base.py:1848 | [raw sql] {}
2026-07-26 22:10:14 | INFO     | sqlalchemy.engine.Engine | base.py:2718 | COMMIT
2026-07-26 22:10:16 | INFO     | root | logging_config.py:44 | Logging system initialized
2026-07-26 22:10:16 | INFO     | sqlalchemy.engine.Engine | base.py:1848 | SELECT DATABASE()
2026-07-26 22:10:16 | INFO     | sqlalchemy.engine.Engine | base.py:1848 | [raw sql] {}
2026-07-26 22:10:16 | INFO     | sqlalchemy.engine.Engine | base.py:1848 | SELECT @@sql_mode
2026-07-26 22:10:16 | INFO     | sqlalchemy.engine.Engine | base.py:1848 | [raw sql] {}
2026-07-26 22:10:16 | INFO     | sqlalchemy.engine.Engine | base.py:1848 | SELECT @@lower_case_table_names
2026-07-26 22:10:16 | INFO     | sqlalchemy.engine.Engine | base.py:1848 | [raw sql] {}
2026-07-26 22:10:16 | INFO     | sqlalchemy.engine.Engine | base.py:2712 | BEGIN (implicit)
2026-07-26 22:10:16 | INFO     | sqlalchemy.engine.Engine | base.py:1848 | DESCRIBE `product_db`.`Products`
2026-07-26 22:10:16 | INFO     | sqlalchemy.engine.Engine | base.py:1848 | [raw sql] {}
2026-07-26 22:10:16 | INFO     | sqlalchemy.engine.Engine | base.py:1848 | DESCRIBE `product_db`.`Categories`
2026-07-26 22:10:16 | INFO     | sqlalchemy.engine.Engine | base.py:1848 | [raw sql] {}
2026-07-26 22:10:16 | INFO     | sqlalchemy.engine.Engine | base.py:2718 | COMMIT
2026-07-26 22:10:19 | INFO     | root | logging_config.py:44 | Logging system initialized
2026-07-26 22:10:19 | INFO     | sqlalchemy.engine.Engine | base.py:1848 | SELECT DATABASE()
2026-07-26 22:10:19 | INFO     | sqlalchemy.engine.Engine | base.py:1848 | [raw sql] {}
2026-07-26 22:10:19 | INFO     | sqlalchemy.engine.Engine | base.py:1848 | SELECT @@sql_mode
2026-07-26 22:10:19 | INFO     | sqlalchemy.engine.Engine | base.py:1848 | [raw sql] {}
2026-07-26 22:10:19 | INFO     | sqlalchemy.engine.Engine | base.py:1848 | SELECT @@lower_case_table_names
2026-07-26 22:10:19 | INFO     | sqlalchemy.engine.Engine | base.py:1848 | [raw sql] {}
2026-07-26 22:10:19 | INFO     | sqlalchemy.engine.Engine | base.py:2712 | BEGIN (implicit)
2026-07-26 22:10:19 | INFO     | sqlalchemy.engine.Engine | base.py:1848 | DESCRIBE `product_db`.`Products`
2026-07-26 22:10:19 | INFO     | sqlalchemy.engine.Engine | base.py:1848 | [raw sql] {}
2026-07-26 22:10:19 | INFO     | sqlalchemy.engine.Engine | base.py:1848 | DESCRIBE `product_db`.`Categories`
2026-07-26 22:10:19 | INFO     | sqlalchemy.engine.Engine | base.py:1848 | [raw sql] {}
2026-07-26 22:10:19 | INFO     | sqlalchemy.engine.Engine | base.py:2718 | COMMIT
2026-07-26 22:12:08 | INFO     | root | logging_config.py:44 | Logging system initialized
2026-07-26 22:12:08 | INFO     | sqlalchemy.engine.Engine | base.py:1848 | SELECT DATABASE()
2026-07-26 22:12:08 | INFO     | sqlalchemy.engine.Engine | base.py:1848 | [raw sql] {}
2026-07-26 22:12:08 | INFO     | sqlalchemy.engine.Engine | base.py:1848 | SELECT @@sql_mode
2026-07-26 22:12:08 | INFO     | sqlalchemy.engine.Engine | base.py:1848 | [raw sql] {}
2026-07-26 22:12:08 | INFO     | sqlalchemy.engine.Engine | base.py:1848 | SELECT @@lower_case_table_names
2026-07-26 22:12:08 | INFO     | sqlalchemy.engine.Engine | base.py:1848 | [raw sql] {}
2026-07-26 22:12:08 | INFO     | sqlalchemy.engine.Engine | base.py:2712 | BEGIN (implicit)
2026-07-26 22:12:08 | INFO     | sqlalchemy.engine.Engine | base.py:1848 | DESCRIBE `product_db`.`Products`
2026-07-26 22:12:08 | INFO     | sqlalchemy.engine.Engine | base.py:1848 | [raw sql] {}
2026-07-26 22:12:08 | INFO     | sqlalchemy.engine.Engine | base.py:1848 | DESCRIBE `product_db`.`Categories`
2026-07-26 22:12:08 | INFO     | sqlalchemy.engine.Engine | base.py:1848 | [raw sql] {}
2026-07-26 22:12:08 | INFO     | sqlalchemy.engine.Engine | base.py:2718 | COMMIT
2026-07-26 22:12:10 | INFO     | root | logging_config.py:44 | Logging system initialized
2026-07-26 22:12:10 | INFO     | sqlalchemy.engine.Engine | base.py:1848 | SELECT DATABASE()
2026-07-26 22:12:10 | INFO     | sqlalchemy.engine.Engine | base.py:1848 | [raw sql] {}
2026-07-26 22:12:10 | INFO     | sqlalchemy.engine.Engine | base.py:1848 | SELECT @@sql_mode
2026-07-26 22:12:10 | INFO     | sqlalchemy.engine.Engine | base.py:1848 | [raw sql] {}
2026-07-26 22:12:10 | INFO     | sqlalchemy.engine.Engine | base.py:1848 | SELECT @@lower_case_table_names
2026-07-26 22:12:10 | INFO     | sqlalchemy.engine.Engine | base.py:1848 | [raw sql] {}
2026-07-26 22:12:10 | INFO     | sqlalchemy.engine.Engine | base.py:2712 | BEGIN (implicit)
2026-07-26 22:12:10 | INFO     | sqlalchemy.engine.Engine | base.py:1848 | DESCRIBE `product_db`.`Products`
2026-07-26 22:12:10 | INFO     | sqlalchemy.engine.Engine | base.py:1848 | [raw sql] {}
2026-07-26 22:12:10 | INFO     | sqlalchemy.engine.Engine | base.py:1848 | DESCRIBE `product_db`.`Categories`
2026-07-26 22:12:10 | INFO     | sqlalchemy.engine.Engine | base.py:1848 | [raw sql] {}
2026-07-26 22:12:10 | INFO     | sqlalchemy.engine.Engine | base.py:2718 | COMMIT
2026-07-26 22:12:13 | INFO     | root | logging_config.py:44 | Logging system initialized
2026-07-26 22:12:13 | INFO     | sqlalchemy.engine.Engine | base.py:1848 | SELECT DATABASE()
2026-07-26 22:12:13 | INFO     | sqlalchemy.engine.Engine | base.py:1848 | [raw sql] {}
2026-07-26 22:12:13 | INFO     | sqlalchemy.engine.Engine | base.py:1848 | SELECT @@sql_mode
2026-07-26 22:12:13 | INFO     | sqlalchemy.engine.Engine | base.py:1848 | [raw sql] {}
2026-07-26 22:12:13 | INFO     | sqlalchemy.engine.Engine | base.py:1848 | SELECT @@lower_case_table_names
2026-07-26 22:12:13 | INFO     | sqlalchemy.engine.Engine | base.py:1848 | [raw sql] {}
2026-07-26 22:12:13 | INFO     | sqlalchemy.engine.Engine | base.py:2712 | BEGIN (implicit)
2026-07-26 22:12:13 | INFO     | sqlalchemy.engine.Engine | base.py:1848 | DESCRIBE `product_db`.`Products`
2026-07-26 22:12:13 | INFO     | sqlalchemy.engine.Engine | base.py:1848 | [raw sql] {}
2026-07-26 22:12:13 | INFO     | sqlalchemy.engine.Engine | base.py:1848 | DESCRIBE `product_db`.`Categories`
2026-07-26 22:12:13 | INFO     | sqlalchemy.engine.Engine | base.py:1848 | [raw sql] {}
2026-07-26 22:12:13 | INFO     | sqlalchemy.engine.Engine | base.py:2718 | COMMIT
2026-07-26 22:12:16 | INFO     | root | logging_config.py:44 | Logging system initialized
2026-07-26 22:12:17 | INFO     | sqlalchemy.engine.Engine | base.py:1848 | SELECT DATABASE()
2026-07-26 22:12:17 | INFO     | sqlalchemy.engine.Engine | base.py:1848 | [raw sql] {}
2026-07-26 22:12:17 | INFO     | sqlalchemy.engine.Engine | base.py:1848 | SELECT @@sql_mode
2026-07-26 22:12:17 | INFO     | sqlalchemy.engine.Engine | base.py:1848 | [raw sql] {}
2026-07-26 22:12:17 | INFO     | sqlalchemy.engine.Engine | base.py:1848 | SELECT @@lower_case_table_names
2026-07-26 22:12:17 | INFO     | sqlalchemy.engine.Engine | base.py:1848 | [raw sql] {}
2026-07-26 22:12:17 | INFO     | sqlalchemy.engine.Engine | base.py:2712 | BEGIN (implicit)
2026-07-26 22:12:17 | INFO     | sqlalchemy.engine.Engine | base.py:1848 | DESCRIBE `product_db`.`Products`
2026-07-26 22:12:17 | INFO     | sqlalchemy.engine.Engine | base.py:1848 | [raw sql] {}
2026-07-26 22:12:17 | INFO     | sqlalchemy.engine.Engine | base.py:1848 | DESCRIBE `product_db`.`Categories`
2026-07-26 22:12:17 | INFO     | sqlalchemy.engine.Engine | base.py:1848 | [raw sql] {}
2026-07-26 22:12:17 | INFO     | sqlalchemy.engine.Engine | base.py:2718 | COMMIT
2026-07-26 22:12:29 | INFO     | root | logging_config.py:44 | Logging system initialized
2026-07-26 22:12:29 | INFO     | sqlalchemy.engine.Engine | base.py:1848 | SELECT DATABASE()
2026-07-26 22:12:29 | INFO     | sqlalchemy.engine.Engine | base.py:1848 | [raw sql] {}
2026-07-26 22:12:29 | INFO     | sqlalchemy.engine.Engine | base.py:1848 | SELECT @@sql_mode
2026-07-26 22:12:29 | INFO     | sqlalchemy.engine.Engine | base.py:1848 | [raw sql] {}
2026-07-26 22:12:29 | INFO     | sqlalchemy.engine.Engine | base.py:1848 | SELECT @@lower_case_table_names
2026-07-26 22:12:29 | INFO     | sqlalchemy.engine.Engine | base.py:1848 | [raw sql] {}
2026-07-26 22:12:29 | INFO     | sqlalchemy.engine.Engine | base.py:2712 | BEGIN (implicit)
2026-07-26 22:12:29 | INFO     | sqlalchemy.engine.Engine | base.py:1848 | DESCRIBE `product_db`.`Products`
2026-07-26 22:12:29 | INFO     | sqlalchemy.engine.Engine | base.py:1848 | [raw sql] {}
2026-07-26 22:12:29 | INFO     | sqlalchemy.engine.Engine | base.py:1848 | DESCRIBE `product_db`.`Categories`
2026-07-26 22:12:29 | INFO     | sqlalchemy.engine.Engine | base.py:1848 | [raw sql] {}
2026-07-26 22:12:29 | INFO     | sqlalchemy.engine.Engine | base.py:2718 | COMMIT
2026-07-26 22:12:32 | INFO     | root | logging_config.py:44 | Logging system initialized
2026-07-26 22:12:32 | INFO     | sqlalchemy.engine.Engine | base.py:1848 | SELECT DATABASE()
2026-07-26 22:12:32 | INFO     | sqlalchemy.engine.Engine | base.py:1848 | [raw sql] {}
2026-07-26 22:12:32 | INFO     | sqlalchemy.engine.Engine | base.py:1848 | SELECT @@sql_mode
2026-07-26 22:12:32 | INFO     | sqlalchemy.engine.Engine | base.py:1848 | [raw sql] {}
2026-07-26 22:12:32 | INFO     | sqlalchemy.engine.Engine | base.py:1848 | SELECT @@lower_case_table_names
2026-07-26 22:12:32 | INFO     | sqlalchemy.engine.Engine | base.py:1848 | [raw sql] {}
2026-07-26 22:12:32 | INFO     | sqlalchemy.engine.Engine | base.py:2712 | BEGIN (implicit)
2026-07-26 22:12:32 | INFO     | sqlalchemy.engine.Engine | base.py:1848 | DESCRIBE `product_db`.`Products`
2026-07-26 22:12:32 | INFO     | sqlalchemy.engine.Engine | base.py:1848 | [raw sql] {}
2026-07-26 22:12:32 | INFO     | sqlalchemy.engine.Engine | base.py:1848 | DESCRIBE `product_db`.`Categories`
2026-07-26 22:12:32 | INFO     | sqlalchemy.engine.Engine | base.py:1848 | [raw sql] {}
2026-07-26 22:12:32 | INFO     | sqlalchemy.engine.Engine | base.py:2718 | COMMIT
2026-07-26 22:12:37 | INFO     | root | logging_config.py:44 | Logging system initialized
2026-07-26 22:12:37 | INFO     | sqlalchemy.engine.Engine | base.py:1848 | SELECT DATABASE()
2026-07-26 22:12:37 | INFO     | sqlalchemy.engine.Engine | base.py:1848 | [raw sql] {}
2026-07-26 22:12:37 | INFO     | sqlalchemy.engine.Engine | base.py:1848 | SELECT @@sql_mode
2026-07-26 22:12:37 | INFO     | sqlalchemy.engine.Engine | base.py:1848 | [raw sql] {}
2026-07-26 22:12:37 | INFO     | sqlalchemy.engine.Engine | base.py:1848 | SELECT @@lower_case_table_names
2026-07-26 22:12:37 | INFO     | sqlalchemy.engine.Engine | base.py:1848 | [raw sql] {}
2026-07-26 22:12:37 | INFO     | sqlalchemy.engine.Engine | base.py:2712 | BEGIN (implicit)
2026-07-26 22:12:37 | INFO     | sqlalchemy.engine.Engine | base.py:1848 | DESCRIBE `product_db`.`Products`
2026-07-26 22:12:37 | INFO     | sqlalchemy.engine.Engine | base.py:1848 | [raw sql] {}
2026-07-26 22:12:37 | INFO     | sqlalchemy.engine.Engine | base.py:1848 | DESCRIBE `product_db`.`Categories`
2026-07-26 22:12:37 | INFO     | sqlalchemy.engine.Engine | base.py:1848 | [raw sql] {}
2026-07-26 22:12:37 | INFO     | sqlalchemy.engine.Engine | base.py:2718 | COMMIT
2026-07-26 22:12:40 | INFO     | root | logging_config.py:44 | Logging system initialized
2026-07-26 22:12:40 | INFO     | sqlalchemy.engine.Engine | base.py:1848 | SELECT DATABASE()
2026-07-26 22:12:40 | INFO     | sqlalchemy.engine.Engine | base.py:1848 | [raw sql] {}
2026-07-26 22:12:40 | INFO     | sqlalchemy.engine.Engine | base.py:1848 | SELECT @@sql_mode
2026-07-26 22:12:40 | INFO     | sqlalchemy.engine.Engine | base.py:1848 | [raw sql] {}
2026-07-26 22:12:40 | INFO     | sqlalchemy.engine.Engine | base.py:1848 | SELECT @@lower_case_table_names
2026-07-26 22:12:40 | INFO     | sqlalchemy.engine.Engine | base.py:1848 | [raw sql] {}
2026-07-26 22:12:40 | INFO     | sqlalchemy.engine.Engine | base.py:2712 | BEGIN (implicit)
2026-07-26 22:12:40 | INFO     | sqlalchemy.engine.Engine | base.py:1848 | DESCRIBE `product_db`.`Products`
2026-07-26 22:12:40 | INFO     | sqlalchemy.engine.Engine | base.py:1848 | [raw sql] {}
2026-07-26 22:12:40 | INFO     | sqlalchemy.engine.Engine | base.py:1848 | DESCRIBE `product_db`.`Categories`
2026-07-26 22:12:40 | INFO     | sqlalchemy.engine.Engine | base.py:1848 | [raw sql] {}
2026-07-26 22:12:40 | INFO     | sqlalchemy.engine.Engine | base.py:2718 | COMMIT
2026-07-26 22:12:48 | INFO     | root | logging_config.py:44 | Logging system initialized
2026-07-26 22:12:48 | INFO     | sqlalchemy.engine.Engine | base.py:1848 | SELECT DATABASE()
2026-07-26 22:12:48 | INFO     | sqlalchemy.engine.Engine | base.py:1848 | [raw sql] {}
2026-07-26 22:12:48 | INFO     | sqlalchemy.engine.Engine | base.py:1848 | SELECT @@sql_mode
2026-07-26 22:12:48 | INFO     | sqlalchemy.engine.Engine | base.py:1848 | [raw sql] {}
2026-07-26 22:12:48 | INFO     | sqlalchemy.engine.Engine | base.py:1848 | SELECT @@lower_case_table_names
2026-07-26 22:12:48 | INFO     | sqlalchemy.engine.Engine | base.py:1848 | [raw sql] {}
2026-07-26 22:12:48 | INFO     | sqlalchemy.engine.Engine | base.py:2712 | BEGIN (implicit)
2026-07-26 22:12:48 | INFO     | sqlalchemy.engine.Engine | base.py:1848 | DESCRIBE `product_db`.`Products`
2026-07-26 22:12:48 | INFO     | sqlalchemy.engine.Engine | base.py:1848 | [raw sql] {}
2026-07-26 22:12:48 | INFO     | sqlalchemy.engine.Engine | base.py:1848 | DESCRIBE `product_db`.`Categories`
2026-07-26 22:12:48 | INFO     | sqlalchemy.engine.Engine | base.py:1848 | [raw sql] {}
2026-07-26 22:12:48 | INFO     | sqlalchemy.engine.Engine | base.py:2718 | COMMIT
2026-07-26 22:12:51 | INFO     | root | logging_config.py:44 | Logging system initialized
2026-07-26 22:12:51 | INFO     | sqlalchemy.engine.Engine | base.py:1848 | SELECT DATABASE()
2026-07-26 22:12:51 | INFO     | sqlalchemy.engine.Engine | base.py:1848 | [raw sql] {}
2026-07-26 22:12:51 | INFO     | sqlalchemy.engine.Engine | base.py:1848 | SELECT @@sql_mode
2026-07-26 22:12:51 | INFO     | sqlalchemy.engine.Engine | base.py:1848 | [raw sql] {}
2026-07-26 22:12:51 | INFO     | sqlalchemy.engine.Engine | base.py:1848 | SELECT @@lower_case_table_names
2026-07-26 22:12:51 | INFO     | sqlalchemy.engine.Engine | base.py:1848 | [raw sql] {}
2026-07-26 22:12:51 | INFO     | sqlalchemy.engine.Engine | base.py:2712 | BEGIN (implicit)
2026-07-26 22:12:51 | INFO     | sqlalchemy.engine.Engine | base.py:1848 | DESCRIBE `product_db`.`Products`
2026-07-26 22:12:51 | INFO     | sqlalchemy.engine.Engine | base.py:1848 | [raw sql] {}
2026-07-26 22:12:51 | INFO     | sqlalchemy.engine.Engine | base.py:1848 | DESCRIBE `product_db`.`Categories`
2026-07-26 22:12:51 | INFO     | sqlalchemy.engine.Engine | base.py:1848 | [raw sql] {}
2026-07-26 22:12:51 | INFO     | sqlalchemy.engine.Engine | base.py:2718 | COMMIT
2026-07-26 22:12:55 | INFO     | root | logging_config.py:44 | Logging system initialized
2026-07-26 22:12:55 | INFO     | sqlalchemy.engine.Engine | base.py:1848 | SELECT DATABASE()
2026-07-26 22:12:55 | INFO     | sqlalchemy.engine.Engine | base.py:1848 | [raw sql] {}
2026-07-26 22:12:55 | INFO     | sqlalchemy.engine.Engine | base.py:1848 | SELECT @@sql_mode
2026-07-26 22:12:55 | INFO     | sqlalchemy.engine.Engine | base.py:1848 | [raw sql] {}
2026-07-26 22:12:55 | INFO     | sqlalchemy.engine.Engine | base.py:1848 | SELECT @@lower_case_table_names
2026-07-26 22:12:55 | INFO     | sqlalchemy.engine.Engine | base.py:1848 | [raw sql] {}
2026-07-26 22:12:55 | INFO     | sqlalchemy.engine.Engine | base.py:2712 | BEGIN (implicit)
2026-07-26 22:12:55 | INFO     | sqlalchemy.engine.Engine | base.py:1848 | DESCRIBE `product_db`.`Products`
2026-07-26 22:12:55 | INFO     | sqlalchemy.engine.Engine | base.py:1848 | [raw sql] {}
2026-07-26 22:12:55 | INFO     | sqlalchemy.engine.Engine | base.py:1848 | DESCRIBE `product_db`.`Categories`
2026-07-26 22:12:55 | INFO     | sqlalchemy.engine.Engine | base.py:1848 | [raw sql] {}
2026-07-26 22:12:55 | INFO     | sqlalchemy.engine.Engine | base.py:2718 | COMMIT
2026-07-26 22:12:58 | INFO     | root | logging_config.py:44 | Logging system initialized
2026-07-26 22:12:58 | INFO     | sqlalchemy.engine.Engine | base.py:1848 | SELECT DATABASE()
2026-07-26 22:12:58 | INFO     | sqlalchemy.engine.Engine | base.py:1848 | [raw sql] {}
2026-07-26 22:12:58 | INFO     | sqlalchemy.engine.Engine | base.py:1848 | SELECT @@sql_mode
2026-07-26 22:12:58 | INFO     | sqlalchemy.engine.Engine | base.py:1848 | [raw sql] {}
2026-07-26 22:12:58 | INFO     | sqlalchemy.engine.Engine | base.py:1848 | SELECT @@lower_case_table_names
2026-07-26 22:12:58 | INFO     | sqlalchemy.engine.Engine | base.py:1848 | [raw sql] {}
2026-07-26 22:12:58 | INFO     | sqlalchemy.engine.Engine | base.py:2712 | BEGIN (implicit)
2026-07-26 22:12:58 | INFO     | sqlalchemy.engine.Engine | base.py:1848 | DESCRIBE `product_db`.`Products`
2026-07-26 22:12:58 | INFO     | sqlalchemy.engine.Engine | base.py:1848 | [raw sql] {}
2026-07-26 22:12:58 | INFO     | sqlalchemy.engine.Engine | base.py:1848 | DESCRIBE `product_db`.`Categories`
2026-07-26 22:12:58 | INFO     | sqlalchemy.engine.Engine | base.py:1848 | [raw sql] {}
2026-07-26 22:12:58 | INFO     | sqlalchemy.engine.Engine | base.py:2718 | COMMIT
2026-07-26 22:13:00 | INFO     | root | logging_config.py:44 | Logging system initialized
2026-07-26 22:13:01 | INFO     | sqlalchemy.engine.Engine | base.py:1848 | SELECT DATABASE()
2026-07-26 22:13:01 | INFO     | sqlalchemy.engine.Engine | base.py:1848 | [raw sql] {}
2026-07-26 22:13:01 | INFO     | sqlalchemy.engine.Engine | base.py:1848 | SELECT @@sql_mode
2026-07-26 22:13:01 | INFO     | sqlalchemy.engine.Engine | base.py:1848 | [raw sql] {}
2026-07-26 22:13:01 | INFO     | sqlalchemy.engine.Engine | base.py:1848 | SELECT @@lower_case_table_names
2026-07-26 22:13:01 | INFO     | sqlalchemy.engine.Engine | base.py:1848 | [raw sql] {}
2026-07-26 22:13:01 | INFO     | sqlalchemy.engine.Engine | base.py:2712 | BEGIN (implicit)
2026-07-26 22:13:01 | INFO     | sqlalchemy.engine.Engine | base.py:1848 | DESCRIBE `product_db`.`Products`
2026-07-26 22:13:01 | INFO     | sqlalchemy.engine.Engine | base.py:1848 | [raw sql] {}
2026-07-26 22:13:01 | INFO     | sqlalchemy.engine.Engine | base.py:1848 | DESCRIBE `product_db`.`Categories`
2026-07-26 22:13:01 | INFO     | sqlalchemy.engine.Engine | base.py:1848 | [raw sql] {}
2026-07-26 22:13:01 | INFO     | sqlalchemy.engine.Engine | base.py:2718 | COMMIT
2026-07-26 22:13:07 | INFO     | root | logging_config.py:44 | Logging system initialized
2026-07-26 22:13:07 | INFO     | sqlalchemy.engine.Engine | base.py:1848 | SELECT DATABASE()
2026-07-26 22:13:07 | INFO     | sqlalchemy.engine.Engine | base.py:1848 | [raw sql] {}
2026-07-26 22:13:07 | INFO     | sqlalchemy.engine.Engine | base.py:1848 | SELECT @@sql_mode
2026-07-26 22:13:07 | INFO     | sqlalchemy.engine.Engine | base.py:1848 | [raw sql] {}
2026-07-26 22:13:07 | INFO     | sqlalchemy.engine.Engine | base.py:1848 | SELECT @@lower_case_table_names
2026-07-26 22:13:07 | INFO     | sqlalchemy.engine.Engine | base.py:1848 | [raw sql] {}
2026-07-26 22:13:07 | INFO     | sqlalchemy.engine.Engine | base.py:2712 | BEGIN (implicit)
2026-07-26 22:13:07 | INFO     | sqlalchemy.engine.Engine | base.py:1848 | DESCRIBE `product_db`.`Products`
2026-07-26 22:13:07 | INFO     | sqlalchemy.engine.Engine | base.py:1848 | [raw sql] {}
2026-07-26 22:13:07 | INFO     | sqlalchemy.engine.Engine | base.py:1848 | DESCRIBE `product_db`.`Categories`
2026-07-26 22:13:07 | INFO     | sqlalchemy.engine.Engine | base.py:1848 | [raw sql] {}
2026-07-26 22:13:07 | INFO     | sqlalchemy.engine.Engine | base.py:2718 | COMMIT
2026-07-26 22:13:09 | INFO     | root | logging_config.py:44 | Logging system initialized
2026-07-26 22:13:10 | INFO     | sqlalchemy.engine.Engine | base.py:1848 | SELECT DATABASE()
2026-07-26 22:13:10 | INFO     | sqlalchemy.engine.Engine | base.py:1848 | [raw sql] {}
2026-07-26 22:13:10 | INFO     | sqlalchemy.engine.Engine | base.py:1848 | SELECT @@sql_mode
2026-07-26 22:13:10 | INFO     | sqlalchemy.engine.Engine | base.py:1848 | [raw sql] {}
2026-07-26 22:13:10 | INFO     | sqlalchemy.engine.Engine | base.py:1848 | SELECT @@lower_case_table_names
2026-07-26 22:13:10 | INFO     | sqlalchemy.engine.Engine | base.py:1848 | [raw sql] {}
2026-07-26 22:13:10 | INFO     | sqlalchemy.engine.Engine | base.py:2712 | BEGIN (implicit)
2026-07-26 22:13:10 | INFO     | sqlalchemy.engine.Engine | base.py:1848 | DESCRIBE `product_db`.`Products`
2026-07-26 22:13:10 | INFO     | sqlalchemy.engine.Engine | base.py:1848 | [raw sql] {}
2026-07-26 22:13:10 | INFO     | sqlalchemy.engine.Engine | base.py:1848 | DESCRIBE `product_db`.`Categories`
2026-07-26 22:13:10 | INFO     | sqlalchemy.engine.Engine | base.py:1848 | [raw sql] {}
2026-07-26 22:13:10 | INFO     | sqlalchemy.engine.Engine | base.py:2718 | COMMIT
2026-07-26 22:16:24 | INFO     | root | logging_config.py:44 | Logging system initialized
2026-07-26 22:16:24 | INFO     | sqlalchemy.engine.Engine | base.py:1848 | SELECT DATABASE()
2026-07-26 22:16:24 | INFO     | sqlalchemy.engine.Engine | base.py:1848 | [raw sql] {}
2026-07-26 22:16:24 | INFO     | sqlalchemy.engine.Engine | base.py:1848 | SELECT @@sql_mode
2026-07-26 22:16:24 | INFO     | sqlalchemy.engine.Engine | base.py:1848 | [raw sql] {}
2026-07-26 22:16:24 | INFO     | sqlalchemy.engine.Engine | base.py:1848 | SELECT @@lower_case_table_names
2026-07-26 22:16:24 | INFO     | sqlalchemy.engine.Engine | base.py:1848 | [raw sql] {}
2026-07-26 22:16:24 | INFO     | sqlalchemy.engine.Engine | base.py:2712 | BEGIN (implicit)
2026-07-26 22:16:24 | INFO     | sqlalchemy.engine.Engine | base.py:1848 | DESCRIBE `product_db`.`Products`
2026-07-26 22:16:24 | INFO     | sqlalchemy.engine.Engine | base.py:1848 | [raw sql] {}
2026-07-26 22:16:24 | INFO     | sqlalchemy.engine.Engine | base.py:1848 | DESCRIBE `product_db`.`Categories`
2026-07-26 22:16:24 | INFO     | sqlalchemy.engine.Engine | base.py:1848 | [raw sql] {}
2026-07-26 22:16:24 | INFO     | sqlalchemy.engine.Engine | base.py:2718 | COMMIT
2026-07-26 22:16:30 | INFO     | root | logging_config.py:44 | Logging system initialized
2026-07-26 22:16:30 | INFO     | sqlalchemy.engine.Engine | base.py:1848 | SELECT DATABASE()
2026-07-26 22:16:30 | INFO     | sqlalchemy.engine.Engine | base.py:1848 | [raw sql] {}
2026-07-26 22:16:30 | INFO     | sqlalchemy.engine.Engine | base.py:1848 | SELECT @@sql_mode
2026-07-26 22:16:30 | INFO     | sqlalchemy.engine.Engine | base.py:1848 | [raw sql] {}
2026-07-26 22:16:30 | INFO     | sqlalchemy.engine.Engine | base.py:1848 | SELECT @@lower_case_table_names
2026-07-26 22:16:30 | INFO     | sqlalchemy.engine.Engine | base.py:1848 | [raw sql] {}
2026-07-26 22:16:30 | INFO     | sqlalchemy.engine.Engine | base.py:2712 | BEGIN (implicit)
2026-07-26 22:16:30 | INFO     | sqlalchemy.engine.Engine | base.py:1848 | DESCRIBE `product_db`.`Products`
2026-07-26 22:16:30 | INFO     | sqlalchemy.engine.Engine | base.py:1848 | [raw sql] {}
2026-07-26 22:16:30 | INFO     | sqlalchemy.engine.Engine | base.py:1848 | DESCRIBE `product_db`.`Categories`
2026-07-26 22:16:30 | INFO     | sqlalchemy.engine.Engine | base.py:1848 | [raw sql] {}
2026-07-26 22:16:30 | INFO     | sqlalchemy.engine.Engine | base.py:2718 | COMMIT
2026-07-26 22:16:33 | INFO     | root | logging_config.py:44 | Logging system initialized
2026-07-26 22:16:33 | INFO     | sqlalchemy.engine.Engine | base.py:1848 | SELECT DATABASE()
2026-07-26 22:16:33 | INFO     | sqlalchemy.engine.Engine | base.py:1848 | [raw sql] {}
2026-07-26 22:16:33 | INFO     | sqlalchemy.engine.Engine | base.py:1848 | SELECT @@sql_mode
2026-07-26 22:16:33 | INFO     | sqlalchemy.engine.Engine | base.py:1848 | [raw sql] {}
2026-07-26 22:16:33 | INFO     | sqlalchemy.engine.Engine | base.py:1848 | SELECT @@lower_case_table_names
2026-07-26 22:16:33 | INFO     | sqlalchemy.engine.Engine | base.py:1848 | [raw sql] {}
2026-07-26 22:16:33 | INFO     | sqlalchemy.engine.Engine | base.py:2712 | BEGIN (implicit)
2026-07-26 22:16:33 | INFO     | sqlalchemy.engine.Engine | base.py:1848 | DESCRIBE `product_db`.`Products`
2026-07-26 22:16:33 | INFO     | sqlalchemy.engine.Engine | base.py:1848 | [raw sql] {}
2026-07-26 22:16:33 | INFO     | sqlalchemy.engine.Engine | base.py:1848 | DESCRIBE `product_db`.`Categories`
2026-07-26 22:16:33 | INFO     | sqlalchemy.engine.Engine | base.py:1848 | [raw sql] {}
2026-07-26 22:16:33 | INFO     | sqlalchemy.engine.Engine | base.py:2718 | COMMIT
2026-07-26 22:16:44 | INFO     | root | logging_config.py:44 | Logging system initialized
2026-07-26 22:16:44 | INFO     | sqlalchemy.engine.Engine | base.py:1848 | SELECT DATABASE()
2026-07-26 22:16:44 | INFO     | sqlalchemy.engine.Engine | base.py:1848 | [raw sql] {}
2026-07-26 22:16:44 | INFO     | sqlalchemy.engine.Engine | base.py:1848 | SELECT @@sql_mode
2026-07-26 22:16:44 | INFO     | sqlalchemy.engine.Engine | base.py:1848 | [raw sql] {}
2026-07-26 22:16:44 | INFO     | sqlalchemy.engine.Engine | base.py:1848 | SELECT @@lower_case_table_names
2026-07-26 22:16:44 | INFO     | sqlalchemy.engine.Engine | base.py:1848 | [raw sql] {}
2026-07-26 22:16:44 | INFO     | sqlalchemy.engine.Engine | base.py:2712 | BEGIN (implicit)
2026-07-26 22:16:44 | INFO     | sqlalchemy.engine.Engine | base.py:1848 | DESCRIBE `product_db`.`Products`
2026-07-26 22:16:44 | INFO     | sqlalchemy.engine.Engine | base.py:1848 | [raw sql] {}
2026-07-26 22:16:44 | INFO     | sqlalchemy.engine.Engine | base.py:1848 | DESCRIBE `product_db`.`Categories`
2026-07-26 22:16:44 | INFO     | sqlalchemy.engine.Engine | base.py:1848 | [raw sql] {}
2026-07-26 22:16:44 | INFO     | sqlalchemy.engine.Engine | base.py:2718 | COMMIT
2026-07-26 22:16:47 | INFO     | root | logging_config.py:44 | Logging system initialized
2026-07-26 22:16:47 | INFO     | sqlalchemy.engine.Engine | base.py:1848 | SELECT DATABASE()
2026-07-26 22:16:47 | INFO     | sqlalchemy.engine.Engine | base.py:1848 | [raw sql] {}
2026-07-26 22:16:47 | INFO     | sqlalchemy.engine.Engine | base.py:1848 | SELECT @@sql_mode
2026-07-26 22:16:47 | INFO     | sqlalchemy.engine.Engine | base.py:1848 | [raw sql] {}
2026-07-26 22:16:47 | INFO     | sqlalchemy.engine.Engine | base.py:1848 | SELECT @@lower_case_table_names
2026-07-26 22:16:47 | INFO     | sqlalchemy.engine.Engine | base.py:1848 | [raw sql] {}
2026-07-26 22:16:47 | INFO     | sqlalchemy.engine.Engine | base.py:2712 | BEGIN (implicit)
2026-07-26 22:16:47 | INFO     | sqlalchemy.engine.Engine | base.py:1848 | DESCRIBE `product_db`.`Products`
2026-07-26 22:16:47 | INFO     | sqlalchemy.engine.Engine | base.py:1848 | [raw sql] {}
2026-07-26 22:16:47 | INFO     | sqlalchemy.engine.Engine | base.py:1848 | DESCRIBE `product_db`.`Categories`
2026-07-26 22:16:47 | INFO     | sqlalchemy.engine.Engine | base.py:1848 | [raw sql] {}
2026-07-26 22:16:47 | INFO     | sqlalchemy.engine.Engine | base.py:2718 | COMMIT
2026-07-27 21:17:33 | INFO     | root | logging_config.py:44 | Logging system initialized
2026-07-27 21:17:33 | INFO     | sqlalchemy.engine.Engine | base.py:1848 | SELECT DATABASE()
2026-07-27 21:17:33 | INFO     | sqlalchemy.engine.Engine | base.py:1848 | [raw sql] {}
2026-07-27 21:17:33 | INFO     | sqlalchemy.engine.Engine | base.py:1848 | SELECT @@sql_mode
2026-07-27 21:17:33 | INFO     | sqlalchemy.engine.Engine | base.py:1848 | [raw sql] {}
2026-07-27 21:17:33 | INFO     | sqlalchemy.engine.Engine | base.py:1848 | SELECT @@lower_case_table_names
2026-07-27 21:17:33 | INFO     | sqlalchemy.engine.Engine | base.py:1848 | [raw sql] {}
2026-07-27 21:17:33 | INFO     | sqlalchemy.engine.Engine | base.py:2712 | BEGIN (implicit)
2026-07-27 21:17:33 | INFO     | sqlalchemy.engine.Engine | base.py:1848 | DESCRIBE `product_db`.`Products`
2026-07-27 21:17:33 | INFO     | sqlalchemy.engine.Engine | base.py:1848 | [raw sql] {}
2026-07-27 21:17:34 | INFO     | sqlalchemy.engine.Engine | base.py:1848 | DESCRIBE `product_db`.`Categories`
2026-07-27 21:17:34 | INFO     | sqlalchemy.engine.Engine | base.py:1848 | [raw sql] {}
2026-07-27 21:17:34 | INFO     | sqlalchemy.engine.Engine | base.py:2718 | COMMIT
2026-07-27 21:17:36 | INFO     | root | logging_config.py:44 | Logging system initialized
2026-07-27 21:17:36 | INFO     | sqlalchemy.engine.Engine | base.py:1848 | SELECT DATABASE()
2026-07-27 21:17:36 | INFO     | sqlalchemy.engine.Engine | base.py:1848 | [raw sql] {}
2026-07-27 21:17:36 | INFO     | sqlalchemy.engine.Engine | base.py:1848 | SELECT @@sql_mode
2026-07-27 21:17:36 | INFO     | sqlalchemy.engine.Engine | base.py:1848 | [raw sql] {}
2026-07-27 21:17:36 | INFO     | sqlalchemy.engine.Engine | base.py:1848 | SELECT @@lower_case_table_names
2026-07-27 21:17:36 | INFO     | sqlalchemy.engine.Engine | base.py:1848 | [raw sql] {}
2026-07-27 21:17:36 | INFO     | sqlalchemy.engine.Engine | base.py:2712 | BEGIN (implicit)
2026-07-27 21:17:36 | INFO     | sqlalchemy.engine.Engine | base.py:1848 | DESCRIBE `product_db`.`Products`
2026-07-27 21:17:36 | INFO     | sqlalchemy.engine.Engine | base.py:1848 | [raw sql] {}
2026-07-27 21:17:36 | INFO     | sqlalchemy.engine.Engine | base.py:1848 | DESCRIBE `product_db`.`Categories`
2026-07-27 21:17:36 | INFO     | sqlalchemy.engine.Engine | base.py:1848 | [raw sql] {}
2026-07-27 21:17:36 | INFO     | sqlalchemy.engine.Engine | base.py:2718 | COMMIT
2026-07-27 21:19:54 | INFO     | root | logging_config.py:44 | Logging system initialized
2026-07-27 21:19:54 | INFO     | sqlalchemy.engine.Engine | base.py:1848 | SELECT DATABASE()
2026-07-27 21:19:54 | INFO     | sqlalchemy.engine.Engine | base.py:1848 | [raw sql] {}
2026-07-27 21:19:54 | INFO     | sqlalchemy.engine.Engine | base.py:1848 | SELECT @@sql_mode
2026-07-27 21:19:54 | INFO     | sqlalchemy.engine.Engine | base.py:1848 | [raw sql] {}
2026-07-27 21:19:54 | INFO     | sqlalchemy.engine.Engine | base.py:1848 | SELECT @@lower_case_table_names
2026-07-27 21:19:54 | INFO     | sqlalchemy.engine.Engine | base.py:1848 | [raw sql] {}
2026-07-27 21:19:54 | INFO     | sqlalchemy.engine.Engine | base.py:2712 | BEGIN (implicit)
2026-07-27 21:19:54 | INFO     | sqlalchemy.engine.Engine | base.py:1848 | DESCRIBE `product_db`.`Products`
2026-07-27 21:19:54 | INFO     | sqlalchemy.engine.Engine | base.py:1848 | [raw sql] {}
2026-07-27 21:19:54 | INFO     | sqlalchemy.engine.Engine | base.py:1848 | DESCRIBE `product_db`.`Categories`
2026-07-27 21:19:54 | INFO     | sqlalchemy.engine.Engine | base.py:1848 | [raw sql] {}
2026-07-27 21:19:54 | INFO     | sqlalchemy.engine.Engine | base.py:2718 | COMMIT
2026-07-27 21:19:59 | INFO     | root | logging_config.py:44 | Logging system initialized
2026-07-27 21:19:59 | INFO     | sqlalchemy.engine.Engine | base.py:1848 | SELECT DATABASE()
2026-07-27 21:19:59 | INFO     | sqlalchemy.engine.Engine | base.py:1848 | [raw sql] {}
2026-07-27 21:19:59 | INFO     | sqlalchemy.engine.Engine | base.py:1848 | SELECT @@sql_mode
2026-07-27 21:19:59 | INFO     | sqlalchemy.engine.Engine | base.py:1848 | [raw sql] {}
2026-07-27 21:19:59 | INFO     | sqlalchemy.engine.Engine | base.py:1848 | SELECT @@lower_case_table_names
2026-07-27 21:19:59 | INFO     | sqlalchemy.engine.Engine | base.py:1848 | [raw sql] {}
2026-07-27 21:19:59 | INFO     | sqlalchemy.engine.Engine | base.py:2712 | BEGIN (implicit)
2026-07-27 21:19:59 | INFO     | sqlalchemy.engine.Engine | base.py:1848 | DESCRIBE `product_db`.`Products`
2026-07-27 21:19:59 | INFO     | sqlalchemy.engine.Engine | base.py:1848 | [raw sql] {}
2026-07-27 21:19:59 | INFO     | sqlalchemy.engine.Engine | base.py:1848 | DESCRIBE `product_db`.`Categories`
2026-07-27 21:19:59 | INFO     | sqlalchemy.engine.Engine | base.py:1848 | [raw sql] {}
2026-07-27 21:19:59 | INFO     | sqlalchemy.engine.Engine | base.py:2718 | COMMIT
2026-07-27 21:20:29 | INFO     | root | logging_config.py:44 | Logging system initialized
2026-07-27 21:20:29 | INFO     | sqlalchemy.engine.Engine | base.py:1848 | SELECT DATABASE()
2026-07-27 21:20:29 | INFO     | sqlalchemy.engine.Engine | base.py:1848 | [raw sql] {}
2026-07-27 21:20:29 | INFO     | sqlalchemy.engine.Engine | base.py:1848 | SELECT @@sql_mode
2026-07-27 21:20:29 | INFO     | sqlalchemy.engine.Engine | base.py:1848 | [raw sql] {}
2026-07-27 21:20:29 | INFO     | sqlalchemy.engine.Engine | base.py:1848 | SELECT @@lower_case_table_names
2026-07-27 21:20:29 | INFO     | sqlalchemy.engine.Engine | base.py:1848 | [raw sql] {}
2026-07-27 21:20:29 | INFO     | sqlalchemy.engine.Engine | base.py:2712 | BEGIN (implicit)
2026-07-27 21:20:29 | INFO     | sqlalchemy.engine.Engine | base.py:1848 | DESCRIBE `product_db`.`Products`
2026-07-27 21:20:29 | INFO     | sqlalchemy.engine.Engine | base.py:1848 | [raw sql] {}
2026-07-27 21:20:29 | INFO     | sqlalchemy.engine.Engine | base.py:1848 | DESCRIBE `product_db`.`Categories`
2026-07-27 21:20:29 | INFO     | sqlalchemy.engine.Engine | base.py:1848 | [raw sql] {}
2026-07-27 21:20:29 | INFO     | sqlalchemy.engine.Engine | base.py:2718 | COMMIT
2026-07-27 21:29:36 | INFO     | root | logging_config.py:44 | Logging system initialized
2026-07-27 21:29:36 | INFO     | sqlalchemy.engine.Engine | base.py:1848 | SELECT DATABASE()
2026-07-27 21:29:36 | INFO     | sqlalchemy.engine.Engine | base.py:1848 | [raw sql] {}
2026-07-27 21:29:36 | INFO     | sqlalchemy.engine.Engine | base.py:1848 | SELECT @@sql_mode
2026-07-27 21:29:36 | INFO     | sqlalchemy.engine.Engine | base.py:1848 | [raw sql] {}
2026-07-27 21:29:36 | INFO     | sqlalchemy.engine.Engine | base.py:1848 | SELECT @@lower_case_table_names
2026-07-27 21:29:36 | INFO     | sqlalchemy.engine.Engine | base.py:1848 | [raw sql] {}
2026-07-27 21:29:36 | INFO     | sqlalchemy.engine.Engine | base.py:2712 | BEGIN (implicit)
2026-07-27 21:29:36 | INFO     | sqlalchemy.engine.Engine | base.py:1848 | DESCRIBE `product_db`.`Products`
2026-07-27 21:29:36 | INFO     | sqlalchemy.engine.Engine | base.py:1848 | [raw sql] {}
2026-07-27 21:29:36 | INFO     | sqlalchemy.engine.Engine | base.py:1848 | DESCRIBE `product_db`.`Categories`
2026-07-27 21:29:36 | INFO     | sqlalchemy.engine.Engine | base.py:1848 | [raw sql] {}
2026-07-27 21:29:36 | INFO     | sqlalchemy.engine.Engine | base.py:2718 | COMMIT
2026-07-27 21:30:03 | INFO     | root | logging_config.py:44 | Logging system initialized
2026-07-27 21:30:03 | INFO     | sqlalchemy.engine.Engine | base.py:1848 | SELECT DATABASE()
2026-07-27 21:30:03 | INFO     | sqlalchemy.engine.Engine | base.py:1848 | [raw sql] {}
2026-07-27 21:30:03 | INFO     | sqlalchemy.engine.Engine | base.py:1848 | SELECT @@sql_mode
2026-07-27 21:30:03 | INFO     | sqlalchemy.engine.Engine | base.py:1848 | [raw sql] {}
2026-07-27 21:30:03 | INFO     | sqlalchemy.engine.Engine | base.py:1848 | SELECT @@lower_case_table_names
2026-07-27 21:30:03 | INFO     | sqlalchemy.engine.Engine | base.py:1848 | [raw sql] {}
2026-07-27 21:30:03 | INFO     | sqlalchemy.engine.Engine | base.py:2712 | BEGIN (implicit)
2026-07-27 21:30:03 | INFO     | sqlalchemy.engine.Engine | base.py:1848 | DESCRIBE `product_db`.`Products`
2026-07-27 21:30:03 | INFO     | sqlalchemy.engine.Engine | base.py:1848 | [raw sql] {}
2026-07-27 21:30:03 | INFO     | sqlalchemy.engine.Engine | base.py:1848 | DESCRIBE `product_db`.`Categories`
2026-07-27 21:30:03 | INFO     | sqlalchemy.engine.Engine | base.py:1848 | [raw sql] {}
2026-07-27 21:30:03 | INFO     | sqlalchemy.engine.Engine | base.py:2718 | COMMIT
2026-07-27 21:30:20 | INFO     | root | logging_config.py:44 | Logging system initialized
2026-07-27 21:30:20 | INFO     | sqlalchemy.engine.Engine | base.py:1848 | SELECT DATABASE()
2026-07-27 21:30:20 | INFO     | sqlalchemy.engine.Engine | base.py:1848 | [raw sql] {}
2026-07-27 21:30:20 | INFO     | sqlalchemy.engine.Engine | base.py:1848 | SELECT @@sql_mode
2026-07-27 21:30:20 | INFO     | sqlalchemy.engine.Engine | base.py:1848 | [raw sql] {}
2026-07-27 21:30:20 | INFO     | sqlalchemy.engine.Engine | base.py:1848 | SELECT @@lower_case_table_names
2026-07-27 21:30:20 | INFO     | sqlalchemy.engine.Engine | base.py:1848 | [raw sql] {}
2026-07-27 21:30:20 | INFO     | sqlalchemy.engine.Engine | base.py:2712 | BEGIN (implicit)
2026-07-27 21:30:20 | INFO     | sqlalchemy.engine.Engine | base.py:1848 | DESCRIBE `product_db`.`Products`
2026-07-27 21:30:20 | INFO     | sqlalchemy.engine.Engine | base.py:1848 | [raw sql] {}
2026-07-27 21:30:20 | INFO     | sqlalchemy.engine.Engine | base.py:1848 | DESCRIBE `product_db`.`Categories`
2026-07-27 21:30:20 | INFO     | sqlalchemy.engine.Engine | base.py:1848 | [raw sql] {}
2026-07-27 21:30:20 | INFO     | sqlalchemy.engine.Engine | base.py:2718 | COMMIT
2026-07-27 21:30:22 | INFO     | root | logging_config.py:44 | Logging system initialized
2026-07-27 21:30:22 | INFO     | sqlalchemy.engine.Engine | base.py:1848 | SELECT DATABASE()
2026-07-27 21:30:22 | INFO     | sqlalchemy.engine.Engine | base.py:1848 | [raw sql] {}
2026-07-27 21:30:22 | INFO     | sqlalchemy.engine.Engine | base.py:1848 | SELECT @@sql_mode
2026-07-27 21:30:22 | INFO     | sqlalchemy.engine.Engine | base.py:1848 | [raw sql] {}
2026-07-27 21:30:22 | INFO     | sqlalchemy.engine.Engine | base.py:1848 | SELECT @@lower_case_table_names
2026-07-27 21:30:22 | INFO     | sqlalchemy.engine.Engine | base.py:1848 | [raw sql] {}
2026-07-27 21:30:22 | INFO     | sqlalchemy.engine.Engine | base.py:2712 | BEGIN (implicit)
2026-07-27 21:30:22 | INFO     | sqlalchemy.engine.Engine | base.py:1848 | DESCRIBE `product_db`.`Products`
2026-07-27 21:30:22 | INFO     | sqlalchemy.engine.Engine | base.py:1848 | [raw sql] {}
2026-07-27 21:30:22 | INFO     | sqlalchemy.engine.Engine | base.py:1848 | DESCRIBE `product_db`.`Categories`
2026-07-27 21:30:22 | INFO     | sqlalchemy.engine.Engine | base.py:1848 | [raw sql] {}
2026-07-27 21:30:22 | INFO     | sqlalchemy.engine.Engine | base.py:2718 | COMMIT
2026-07-27 21:30:23 | INFO     | root | logging_config.py:44 | Logging system initialized
2026-07-27 21:30:23 | INFO     | sqlalchemy.engine.Engine | base.py:1848 | SELECT DATABASE()
2026-07-27 21:30:23 | INFO     | sqlalchemy.engine.Engine | base.py:1848 | [raw sql] {}
2026-07-27 21:30:23 | INFO     | sqlalchemy.engine.Engine | base.py:1848 | SELECT @@sql_mode
2026-07-27 21:30:23 | INFO     | sqlalchemy.engine.Engine | base.py:1848 | [raw sql] {}
2026-07-27 21:30:23 | INFO     | sqlalchemy.engine.Engine | base.py:1848 | SELECT @@lower_case_table_names
2026-07-27 21:30:23 | INFO     | sqlalchemy.engine.Engine | base.py:1848 | [raw sql] {}
2026-07-27 21:30:23 | INFO     | sqlalchemy.engine.Engine | base.py:2712 | BEGIN (implicit)
2026-07-27 21:30:23 | INFO     | sqlalchemy.engine.Engine | base.py:1848 | DESCRIBE `product_db`.`Products`
2026-07-27 21:30:23 | INFO     | sqlalchemy.engine.Engine | base.py:1848 | [raw sql] {}
2026-07-27 21:30:23 | INFO     | sqlalchemy.engine.Engine | base.py:1848 | DESCRIBE `product_db`.`Categories`
2026-07-27 21:30:23 | INFO     | sqlalchemy.engine.Engine | base.py:1848 | [raw sql] {}
2026-07-27 21:30:23 | INFO     | sqlalchemy.engine.Engine | base.py:2718 | COMMIT
2026-07-27 21:30:25 | INFO     | root | logging_config.py:44 | Logging system initialized
2026-07-27 21:30:25 | INFO     | sqlalchemy.engine.Engine | base.py:1848 | SELECT DATABASE()
2026-07-27 21:30:25 | INFO     | sqlalchemy.engine.Engine | base.py:1848 | [raw sql] {}
2026-07-27 21:30:25 | INFO     | sqlalchemy.engine.Engine | base.py:1848 | SELECT @@sql_mode
2026-07-27 21:30:25 | INFO     | sqlalchemy.engine.Engine | base.py:1848 | [raw sql] {}
2026-07-27 21:30:25 | INFO     | sqlalchemy.engine.Engine | base.py:1848 | SELECT @@lower_case_table_names
2026-07-27 21:30:25 | INFO     | sqlalchemy.engine.Engine | base.py:1848 | [raw sql] {}
2026-07-27 21:30:25 | INFO     | sqlalchemy.engine.Engine | base.py:2712 | BEGIN (implicit)
2026-07-27 21:30:25 | INFO     | sqlalchemy.engine.Engine | base.py:1848 | DESCRIBE `product_db`.`Products`
2026-07-27 21:30:25 | INFO     | sqlalchemy.engine.Engine | base.py:1848 | [raw sql] {}
2026-07-27 21:30:25 | INFO     | sqlalchemy.engine.Engine | base.py:1848 | DESCRIBE `product_db`.`Categories`
2026-07-27 21:30:25 | INFO     | sqlalchemy.engine.Engine | base.py:1848 | [raw sql] {}
2026-07-27 21:30:25 | INFO     | sqlalchemy.engine.Engine | base.py:2718 | COMMIT
2026-07-27 21:32:20 | INFO     | root | logging_config.py:44 | Logging system initialized
2026-07-27 21:32:20 | INFO     | sqlalchemy.engine.Engine | base.py:1848 | SELECT DATABASE()
2026-07-27 21:32:20 | INFO     | sqlalchemy.engine.Engine | base.py:1848 | [raw sql] {}
2026-07-27 21:32:20 | INFO     | sqlalchemy.engine.Engine | base.py:1848 | SELECT @@sql_mode
2026-07-27 21:32:20 | INFO     | sqlalchemy.engine.Engine | base.py:1848 | [raw sql] {}
2026-07-27 21:32:20 | INFO     | sqlalchemy.engine.Engine | base.py:1848 | SELECT @@lower_case_table_names
2026-07-27 21:32:20 | INFO     | sqlalchemy.engine.Engine | base.py:1848 | [raw sql] {}
2026-07-27 21:32:20 | INFO     | sqlalchemy.engine.Engine | base.py:2712 | BEGIN (implicit)
2026-07-27 21:32:20 | INFO     | sqlalchemy.engine.Engine | base.py:1848 | DESCRIBE `product_db`.`Products`
2026-07-27 21:32:20 | INFO     | sqlalchemy.engine.Engine | base.py:1848 | [raw sql] {}
2026-07-27 21:32:20 | INFO     | sqlalchemy.engine.Engine | base.py:1848 | DESCRIBE `product_db`.`Categories`
2026-07-27 21:32:20 | INFO     | sqlalchemy.engine.Engine | base.py:1848 | [raw sql] {}
2026-07-27 21:32:20 | INFO     | sqlalchemy.engine.Engine | base.py:2718 | COMMIT
2026-07-27 21:32:25 | INFO     | root | logging_config.py:44 | Logging system initialized
2026-07-27 21:32:25 | INFO     | sqlalchemy.engine.Engine | base.py:1848 | SELECT DATABASE()
2026-07-27 21:32:25 | INFO     | sqlalchemy.engine.Engine | base.py:1848 | [raw sql] {}
2026-07-27 21:32:25 | INFO     | sqlalchemy.engine.Engine | base.py:1848 | SELECT @@sql_mode
2026-07-27 21:32:25 | INFO     | sqlalchemy.engine.Engine | base.py:1848 | [raw sql] {}
2026-07-27 21:32:25 | INFO     | sqlalchemy.engine.Engine | base.py:1848 | SELECT @@lower_case_table_names
2026-07-27 21:32:25 | INFO     | sqlalchemy.engine.Engine | base.py:1848 | [raw sql] {}
2026-07-27 21:32:25 | INFO     | sqlalchemy.engine.Engine | base.py:2712 | BEGIN (implicit)
2026-07-27 21:32:25 | INFO     | sqlalchemy.engine.Engine | base.py:1848 | DESCRIBE `product_db`.`Products`
2026-07-27 21:32:25 | INFO     | sqlalchemy.engine.Engine | base.py:1848 | [raw sql] {}
2026-07-27 21:32:25 | INFO     | sqlalchemy.engine.Engine | base.py:1848 | DESCRIBE `product_db`.`Categories`
2026-07-27 21:32:25 | INFO     | sqlalchemy.engine.Engine | base.py:1848 | [raw sql] {}
2026-07-27 21:32:25 | INFO     | sqlalchemy.engine.Engine | base.py:2718 | COMMIT
2026-07-27 21:32:29 | INFO     | root | logging_config.py:44 | Logging system initialized
2026-07-27 21:32:29 | INFO     | sqlalchemy.engine.Engine | base.py:1848 | SELECT DATABASE()
2026-07-27 21:32:29 | INFO     | sqlalchemy.engine.Engine | base.py:1848 | [raw sql] {}
2026-07-27 21:32:29 | INFO     | sqlalchemy.engine.Engine | base.py:1848 | SELECT @@sql_mode
2026-07-27 21:32:29 | INFO     | sqlalchemy.engine.Engine | base.py:1848 | [raw sql] {}
2026-07-27 21:32:29 | INFO     | sqlalchemy.engine.Engine | base.py:1848 | SELECT @@lower_case_table_names
2026-07-27 21:32:29 | INFO     | sqlalchemy.engine.Engine | base.py:1848 | [raw sql] {}
2026-07-27 21:32:29 | INFO     | sqlalchemy.engine.Engine | base.py:2712 | BEGIN (implicit)
2026-07-27 21:32:29 | INFO     | sqlalchemy.engine.Engine | base.py:1848 | DESCRIBE `product_db`.`Products`
2026-07-27 21:32:29 | INFO     | sqlalchemy.engine.Engine | base.py:1848 | [raw sql] {}
2026-07-27 21:32:29 | INFO     | sqlalchemy.engine.Engine | base.py:1848 | DESCRIBE `product_db`.`Categories`
2026-07-27 21:32:29 | INFO     | sqlalchemy.engine.Engine | base.py:1848 | [raw sql] {}
2026-07-27 21:32:29 | INFO     | sqlalchemy.engine.Engine | base.py:2718 | COMMIT
2026-07-27 21:34:50 | INFO     | root | logging_config.py:44 | Logging system initialized
2026-07-27 21:34:50 | INFO     | sqlalchemy.engine.Engine | base.py:1848 | SELECT DATABASE()
2026-07-27 21:34:50 | INFO     | sqlalchemy.engine.Engine | base.py:1848 | [raw sql] {}
2026-07-27 21:34:50 | INFO     | sqlalchemy.engine.Engine | base.py:1848 | SELECT @@sql_mode
2026-07-27 21:34:50 | INFO     | sqlalchemy.engine.Engine | base.py:1848 | [raw sql] {}
2026-07-27 21:34:50 | INFO     | sqlalchemy.engine.Engine | base.py:1848 | SELECT @@lower_case_table_names
2026-07-27 21:34:50 | INFO     | sqlalchemy.engine.Engine | base.py:1848 | [raw sql] {}
2026-07-27 21:34:50 | INFO     | sqlalchemy.engine.Engine | base.py:2712 | BEGIN (implicit)
2026-07-27 21:34:50 | INFO     | sqlalchemy.engine.Engine | base.py:1848 | DESCRIBE `product_db`.`Products`
2026-07-27 21:34:50 | INFO     | sqlalchemy.engine.Engine | base.py:1848 | [raw sql] {}
2026-07-27 21:34:50 | INFO     | sqlalchemy.engine.Engine | base.py:1848 | DESCRIBE `product_db`.`Categories`
2026-07-27 21:34:50 | INFO     | sqlalchemy.engine.Engine | base.py:1848 | [raw sql] {}
2026-07-27 21:34:50 | INFO     | sqlalchemy.engine.Engine | base.py:2718 | COMMIT
2026-07-27 21:34:54 | INFO     | root | logging_config.py:44 | Logging system initialized
2026-07-27 21:34:54 | INFO     | sqlalchemy.engine.Engine | base.py:1848 | SELECT DATABASE()
2026-07-27 21:34:54 | INFO     | sqlalchemy.engine.Engine | base.py:1848 | [raw sql] {}
2026-07-27 21:34:54 | INFO     | sqlalchemy.engine.Engine | base.py:1848 | SELECT @@sql_mode
2026-07-27 21:34:54 | INFO     | sqlalchemy.engine.Engine | base.py:1848 | [raw sql] {}
2026-07-27 21:34:54 | INFO     | sqlalchemy.engine.Engine | base.py:1848 | SELECT @@lower_case_table_names
2026-07-27 21:34:54 | INFO     | sqlalchemy.engine.Engine | base.py:1848 | [raw sql] {}
2026-07-27 21:34:54 | INFO     | sqlalchemy.engine.Engine | base.py:2712 | BEGIN (implicit)
2026-07-27 21:34:54 | INFO     | sqlalchemy.engine.Engine | base.py:1848 | DESCRIBE `product_db`.`Products`
2026-07-27 21:34:54 | INFO     | sqlalchemy.engine.Engine | base.py:1848 | [raw sql] {}
2026-07-27 21:34:54 | INFO     | sqlalchemy.engine.Engine | base.py:1848 | DESCRIBE `product_db`.`Categories`
2026-07-27 21:34:54 | INFO     | sqlalchemy.engine.Engine | base.py:1848 | [raw sql] {}
2026-07-27 21:34:54 | INFO     | sqlalchemy.engine.Engine | base.py:2718 | COMMIT
2026-07-27 21:34:56 | INFO     | root | logging_config.py:44 | Logging system initialized
2026-07-27 21:34:56 | INFO     | sqlalchemy.engine.Engine | base.py:1848 | SELECT DATABASE()
2026-07-27 21:34:56 | INFO     | sqlalchemy.engine.Engine | base.py:1848 | [raw sql] {}
2026-07-27 21:34:56 | INFO     | sqlalchemy.engine.Engine | base.py:1848 | SELECT @@sql_mode
2026-07-27 21:34:56 | INFO     | sqlalchemy.engine.Engine | base.py:1848 | [raw sql] {}
2026-07-27 21:34:56 | INFO     | sqlalchemy.engine.Engine | base.py:1848 | SELECT @@lower_case_table_names
2026-07-27 21:34:56 | INFO     | sqlalchemy.engine.Engine | base.py:1848 | [raw sql] {}
2026-07-27 21:34:56 | INFO     | sqlalchemy.engine.Engine | base.py:2712 | BEGIN (implicit)
2026-07-27 21:34:56 | INFO     | sqlalchemy.engine.Engine | base.py:1848 | DESCRIBE `product_db`.`Products`
2026-07-27 21:34:56 | INFO     | sqlalchemy.engine.Engine | base.py:1848 | [raw sql] {}
2026-07-27 21:34:56 | INFO     | sqlalchemy.engine.Engine | base.py:1848 | DESCRIBE `product_db`.`Categories`
2026-07-27 21:34:56 | INFO     | sqlalchemy.engine.Engine | base.py:1848 | [raw sql] {}
2026-07-27 21:34:56 | INFO     | sqlalchemy.engine.Engine | base.py:2718 | COMMIT
2026-07-27 21:34:58 | INFO     | root | logging_config.py:44 | Logging system initialized
2026-07-27 21:34:58 | INFO     | sqlalchemy.engine.Engine | base.py:1848 | SELECT DATABASE()
2026-07-27 21:34:58 | INFO     | sqlalchemy.engine.Engine | base.py:1848 | [raw sql] {}
2026-07-27 21:34:58 | INFO     | sqlalchemy.engine.Engine | base.py:1848 | SELECT @@sql_mode
2026-07-27 21:34:58 | INFO     | sqlalchemy.engine.Engine | base.py:1848 | [raw sql] {}
2026-07-27 21:34:58 | INFO     | sqlalchemy.engine.Engine | base.py:1848 | SELECT @@lower_case_table_names
2026-07-27 21:34:58 | INFO     | sqlalchemy.engine.Engine | base.py:1848 | [raw sql] {}
2026-07-27 21:34:58 | INFO     | sqlalchemy.engine.Engine | base.py:2712 | BEGIN (implicit)
2026-07-27 21:34:58 | INFO     | sqlalchemy.engine.Engine | base.py:1848 | DESCRIBE `product_db`.`Products`
2026-07-27 21:34:58 | INFO     | sqlalchemy.engine.Engine | base.py:1848 | [raw sql] {}
2026-07-27 21:34:58 | INFO     | sqlalchemy.engine.Engine | base.py:1848 | DESCRIBE `product_db`.`Categories`
2026-07-27 21:34:58 | INFO     | sqlalchemy.engine.Engine | base.py:1848 | [raw sql] {}
2026-07-27 21:34:58 | INFO     | sqlalchemy.engine.Engine | base.py:2718 | COMMIT
2026-07-27 21:35:03 | INFO     | root | logging_config.py:44 | Logging system initialized
2026-07-27 21:35:03 | INFO     | sqlalchemy.engine.Engine | base.py:1848 | SELECT DATABASE()
2026-07-27 21:35:03 | INFO     | sqlalchemy.engine.Engine | base.py:1848 | [raw sql] {}
2026-07-27 21:35:03 | INFO     | sqlalchemy.engine.Engine | base.py:1848 | SELECT @@sql_mode
2026-07-27 21:35:03 | INFO     | sqlalchemy.engine.Engine | base.py:1848 | [raw sql] {}
2026-07-27 21:35:03 | INFO     | sqlalchemy.engine.Engine | base.py:1848 | SELECT @@lower_case_table_names
2026-07-27 21:35:03 | INFO     | sqlalchemy.engine.Engine | base.py:1848 | [raw sql] {}
2026-07-27 21:35:03 | INFO     | sqlalchemy.engine.Engine | base.py:2712 | BEGIN (implicit)
2026-07-27 21:35:03 | INFO     | sqlalchemy.engine.Engine | base.py:1848 | DESCRIBE `product_db`.`Products`
2026-07-27 21:35:03 | INFO     | sqlalchemy.engine.Engine | base.py:1848 | [raw sql] {}
2026-07-27 21:35:03 | INFO     | sqlalchemy.engine.Engine | base.py:1848 | DESCRIBE `product_db`.`Categories`
2026-07-27 21:35:03 | INFO     | sqlalchemy.engine.Engine | base.py:1848 | [raw sql] {}
2026-07-27 21:35:03 | INFO     | sqlalchemy.engine.Engine | base.py:2718 | COMMIT
2026-07-27 21:35:07 | INFO     | root | logging_config.py:44 | Logging system initialized
2026-07-27 21:35:07 | INFO     | sqlalchemy.engine.Engine | base.py:1848 | SELECT DATABASE()
2026-07-27 21:35:07 | INFO     | sqlalchemy.engine.Engine | base.py:1848 | [raw sql] {}
2026-07-27 21:35:07 | INFO     | sqlalchemy.engine.Engine | base.py:1848 | SELECT @@sql_mode
2026-07-27 21:35:07 | INFO     | sqlalchemy.engine.Engine | base.py:1848 | [raw sql] {}
2026-07-27 21:35:07 | INFO     | sqlalchemy.engine.Engine | base.py:1848 | SELECT @@lower_case_table_names
2026-07-27 21:35:07 | INFO     | sqlalchemy.engine.Engine | base.py:1848 | [raw sql] {}
2026-07-27 21:35:07 | INFO     | sqlalchemy.engine.Engine | base.py:2712 | BEGIN (implicit)
2026-07-27 21:35:07 | INFO     | sqlalchemy.engine.Engine | base.py:1848 | DESCRIBE `product_db`.`Products`
2026-07-27 21:35:07 | INFO     | sqlalchemy.engine.Engine | base.py:1848 | [raw sql] {}
2026-07-27 21:35:07 | INFO     | sqlalchemy.engine.Engine | base.py:1848 | DESCRIBE `product_db`.`Categories`
2026-07-27 21:35:07 | INFO     | sqlalchemy.engine.Engine | base.py:1848 | [raw sql] {}
2026-07-27 21:35:07 | INFO     | sqlalchemy.engine.Engine | base.py:2718 | COMMIT
2026-07-27 21:36:38 | INFO     | root | logging_config.py:44 | Logging system initialized
2026-07-27 21:36:38 | INFO     | sqlalchemy.engine.Engine | base.py:1848 | SELECT DATABASE()
2026-07-27 21:36:38 | INFO     | sqlalchemy.engine.Engine | base.py:1848 | [raw sql] {}
2026-07-27 21:36:38 | INFO     | sqlalchemy.engine.Engine | base.py:1848 | SELECT @@sql_mode
2026-07-27 21:36:38 | INFO     | sqlalchemy.engine.Engine | base.py:1848 | [raw sql] {}
2026-07-27 21:36:38 | INFO     | sqlalchemy.engine.Engine | base.py:1848 | SELECT @@lower_case_table_names
2026-07-27 21:36:38 | INFO     | sqlalchemy.engine.Engine | base.py:1848 | [raw sql] {}
2026-07-27 21:36:38 | INFO     | sqlalchemy.engine.Engine | base.py:2712 | BEGIN (implicit)
2026-07-27 21:36:38 | INFO     | sqlalchemy.engine.Engine | base.py:1848 | DESCRIBE `product_db`.`Products`
2026-07-27 21:36:38 | INFO     | sqlalchemy.engine.Engine | base.py:1848 | [raw sql] {}
2026-07-27 21:36:38 | INFO     | sqlalchemy.engine.Engine | base.py:1848 | DESCRIBE `product_db`.`Categories`
2026-07-27 21:36:38 | INFO     | sqlalchemy.engine.Engine | base.py:1848 | [raw sql] {}
2026-07-27 21:36:38 | INFO     | sqlalchemy.engine.Engine | base.py:2718 | COMMIT
2026-07-27 21:36:44 | INFO     | root | logging_config.py:44 | Logging system initialized
2026-07-27 21:36:44 | INFO     | sqlalchemy.engine.Engine | base.py:1848 | SELECT DATABASE()
2026-07-27 21:36:44 | INFO     | sqlalchemy.engine.Engine | base.py:1848 | [raw sql] {}
2026-07-27 21:36:44 | INFO     | sqlalchemy.engine.Engine | base.py:1848 | SELECT @@sql_mode
2026-07-27 21:36:44 | INFO     | sqlalchemy.engine.Engine | base.py:1848 | [raw sql] {}
2026-07-27 21:36:44 | INFO     | sqlalchemy.engine.Engine | base.py:1848 | SELECT @@lower_case_table_names
2026-07-27 21:36:44 | INFO     | sqlalchemy.engine.Engine | base.py:1848 | [raw sql] {}
2026-07-27 21:36:44 | INFO     | sqlalchemy.engine.Engine | base.py:2712 | BEGIN (implicit)
2026-07-27 21:36:44 | INFO     | sqlalchemy.engine.Engine | base.py:1848 | DESCRIBE `product_db`.`Products`
2026-07-27 21:36:44 | INFO     | sqlalchemy.engine.Engine | base.py:1848 | [raw sql] {}
2026-07-27 21:36:44 | INFO     | sqlalchemy.engine.Engine | base.py:1848 | DESCRIBE `product_db`.`Categories`
2026-07-27 21:36:44 | INFO     | sqlalchemy.engine.Engine | base.py:1848 | [raw sql] {}
2026-07-27 21:36:44 | INFO     | sqlalchemy.engine.Engine | base.py:2718 | COMMIT
2026-07-27 21:37:01 | INFO     | root | logging_config.py:44 | Logging system initialized
2026-07-27 21:37:01 | INFO     | sqlalchemy.engine.Engine | base.py:1848 | SELECT DATABASE()
2026-07-27 21:37:01 | INFO     | sqlalchemy.engine.Engine | base.py:1848 | [raw sql] {}
2026-07-27 21:37:01 | INFO     | sqlalchemy.engine.Engine | base.py:1848 | SELECT @@sql_mode
2026-07-27 21:37:01 | INFO     | sqlalchemy.engine.Engine | base.py:1848 | [raw sql] {}
2026-07-27 21:37:01 | INFO     | sqlalchemy.engine.Engine | base.py:1848 | SELECT @@lower_case_table_names
2026-07-27 21:37:01 | INFO     | sqlalchemy.engine.Engine | base.py:1848 | [raw sql] {}
2026-07-27 21:37:01 | INFO     | sqlalchemy.engine.Engine | base.py:2712 | BEGIN (implicit)
2026-07-27 21:37:01 | INFO     | sqlalchemy.engine.Engine | base.py:1848 | DESCRIBE `product_db`.`Products`
2026-07-27 21:37:01 | INFO     | sqlalchemy.engine.Engine | base.py:1848 | [raw sql] {}
2026-07-27 21:37:01 | INFO     | sqlalchemy.engine.Engine | base.py:1848 | DESCRIBE `product_db`.`Categories`
2026-07-27 21:37:01 | INFO     | sqlalchemy.engine.Engine | base.py:1848 | [raw sql] {}
2026-07-27 21:37:01 | INFO     | sqlalchemy.engine.Engine | base.py:2718 | COMMIT
2026-07-27 21:37:11 | INFO     | root | logging_config.py:44 | Logging system initialized
2026-07-27 21:37:11 | INFO     | sqlalchemy.engine.Engine | base.py:1848 | SELECT DATABASE()
2026-07-27 21:37:11 | INFO     | sqlalchemy.engine.Engine | base.py:1848 | [raw sql] {}
2026-07-27 21:37:11 | INFO     | sqlalchemy.engine.Engine | base.py:1848 | SELECT @@sql_mode
2026-07-27 21:37:11 | INFO     | sqlalchemy.engine.Engine | base.py:1848 | [raw sql] {}
2026-07-27 21:37:11 | INFO     | sqlalchemy.engine.Engine | base.py:1848 | SELECT @@lower_case_table_names
2026-07-27 21:37:11 | INFO     | sqlalchemy.engine.Engine | base.py:1848 | [raw sql] {}
2026-07-27 21:37:11 | INFO     | sqlalchemy.engine.Engine | base.py:2712 | BEGIN (implicit)
2026-07-27 21:37:11 | INFO     | sqlalchemy.engine.Engine | base.py:1848 | DESCRIBE `product_db`.`Products`
2026-07-27 21:37:11 | INFO     | sqlalchemy.engine.Engine | base.py:1848 | [raw sql] {}
2026-07-27 21:37:11 | INFO     | sqlalchemy.engine.Engine | base.py:1848 | DESCRIBE `product_db`.`Categories`
2026-07-27 21:37:11 | INFO     | sqlalchemy.engine.Engine | base.py:1848 | [raw sql] {}
2026-07-27 21:37:11 | INFO     | sqlalchemy.engine.Engine | base.py:2718 | COMMIT
2026-07-27 21:37:13 | INFO     | root | logging_config.py:44 | Logging system initialized
2026-07-27 21:37:13 | INFO     | sqlalchemy.engine.Engine | base.py:1848 | SELECT DATABASE()
2026-07-27 21:37:13 | INFO     | sqlalchemy.engine.Engine | base.py:1848 | [raw sql] {}
2026-07-27 21:37:13 | INFO     | sqlalchemy.engine.Engine | base.py:1848 | SELECT @@sql_mode
2026-07-27 21:37:13 | INFO     | sqlalchemy.engine.Engine | base.py:1848 | [raw sql] {}
2026-07-27 21:37:13 | INFO     | sqlalchemy.engine.Engine | base.py:1848 | SELECT @@lower_case_table_names
2026-07-27 21:37:13 | INFO     | sqlalchemy.engine.Engine | base.py:1848 | [raw sql] {}
2026-07-27 21:37:13 | INFO     | sqlalchemy.engine.Engine | base.py:2712 | BEGIN (implicit)
2026-07-27 21:37:13 | INFO     | sqlalchemy.engine.Engine | base.py:1848 | DESCRIBE `product_db`.`Products`
2026-07-27 21:37:13 | INFO     | sqlalchemy.engine.Engine | base.py:1848 | [raw sql] {}
2026-07-27 21:37:13 | INFO     | sqlalchemy.engine.Engine | base.py:1848 | DESCRIBE `product_db`.`Categories`
2026-07-27 21:37:13 | INFO     | sqlalchemy.engine.Engine | base.py:1848 | [raw sql] {}
2026-07-27 21:37:13 | INFO     | sqlalchemy.engine.Engine | base.py:2718 | COMMIT
2026-07-27 21:37:16 | INFO     | root | logging_config.py:44 | Logging system initialized
2026-07-27 21:37:17 | INFO     | sqlalchemy.engine.Engine | base.py:1848 | SELECT DATABASE()
2026-07-27 21:37:17 | INFO     | sqlalchemy.engine.Engine | base.py:1848 | [raw sql] {}
2026-07-27 21:37:17 | INFO     | sqlalchemy.engine.Engine | base.py:1848 | SELECT @@sql_mode
2026-07-27 21:37:17 | INFO     | sqlalchemy.engine.Engine | base.py:1848 | [raw sql] {}
2026-07-27 21:37:17 | INFO     | sqlalchemy.engine.Engine | base.py:1848 | SELECT @@lower_case_table_names
2026-07-27 21:37:17 | INFO     | sqlalchemy.engine.Engine | base.py:1848 | [raw sql] {}
2026-07-27 21:37:17 | INFO     | sqlalchemy.engine.Engine | base.py:2712 | BEGIN (implicit)
2026-07-27 21:37:17 | INFO     | sqlalchemy.engine.Engine | base.py:1848 | DESCRIBE `product_db`.`Products`
2026-07-27 21:37:17 | INFO     | sqlalchemy.engine.Engine | base.py:1848 | [raw sql] {}
2026-07-27 21:37:17 | INFO     | sqlalchemy.engine.Engine | base.py:1848 | DESCRIBE `product_db`.`Categories`
2026-07-27 21:37:17 | INFO     | sqlalchemy.engine.Engine | base.py:1848 | [raw sql] {}
2026-07-27 21:37:17 | INFO     | sqlalchemy.engine.Engine | base.py:2718 | COMMIT
2026-07-27 21:37:23 | INFO     | root | logging_config.py:44 | Logging system initialized
2026-07-27 21:37:23 | INFO     | sqlalchemy.engine.Engine | base.py:1848 | SELECT DATABASE()
2026-07-27 21:37:23 | INFO     | sqlalchemy.engine.Engine | base.py:1848 | [raw sql] {}
2026-07-27 21:37:23 | INFO     | sqlalchemy.engine.Engine | base.py:1848 | SELECT @@sql_mode
2026-07-27 21:37:23 | INFO     | sqlalchemy.engine.Engine | base.py:1848 | [raw sql] {}
2026-07-27 21:37:23 | INFO     | sqlalchemy.engine.Engine | base.py:1848 | SELECT @@lower_case_table_names
2026-07-27 21:37:23 | INFO     | sqlalchemy.engine.Engine | base.py:1848 | [raw sql] {}
2026-07-27 21:37:23 | INFO     | sqlalchemy.engine.Engine | base.py:2712 | BEGIN (implicit)
2026-07-27 21:37:23 | INFO     | sqlalchemy.engine.Engine | base.py:1848 | DESCRIBE `product_db`.`Products`
2026-07-27 21:37:23 | INFO     | sqlalchemy.engine.Engine | base.py:1848 | [raw sql] {}
2026-07-27 21:37:23 | INFO     | sqlalchemy.engine.Engine | base.py:1848 | DESCRIBE `product_db`.`Categories`
2026-07-27 21:37:23 | INFO     | sqlalchemy.engine.Engine | base.py:1848 | [raw sql] {}
2026-07-27 21:37:23 | INFO     | sqlalchemy.engine.Engine | base.py:2718 | COMMIT
2026-07-27 21:37:24 | INFO     | root | logging_config.py:44 | Logging system initialized
2026-07-27 21:37:24 | INFO     | sqlalchemy.engine.Engine | base.py:1848 | SELECT DATABASE()
2026-07-27 21:37:24 | INFO     | sqlalchemy.engine.Engine | base.py:1848 | [raw sql] {}
2026-07-27 21:37:24 | INFO     | sqlalchemy.engine.Engine | base.py:1848 | SELECT @@sql_mode
2026-07-27 21:37:24 | INFO     | sqlalchemy.engine.Engine | base.py:1848 | [raw sql] {}
2026-07-27 21:37:24 | INFO     | sqlalchemy.engine.Engine | base.py:1848 | SELECT @@lower_case_table_names
2026-07-27 21:37:24 | INFO     | sqlalchemy.engine.Engine | base.py:1848 | [raw sql] {}
2026-07-27 21:37:24 | INFO     | sqlalchemy.engine.Engine | base.py:2712 | BEGIN (implicit)
2026-07-27 21:37:24 | INFO     | sqlalchemy.engine.Engine | base.py:1848 | DESCRIBE `product_db`.`Products`
2026-07-27 21:37:24 | INFO     | sqlalchemy.engine.Engine | base.py:1848 | [raw sql] {}
2026-07-27 21:37:24 | INFO     | sqlalchemy.engine.Engine | base.py:1848 | DESCRIBE `product_db`.`Categories`
2026-07-27 21:37:24 | INFO     | sqlalchemy.engine.Engine | base.py:1848 | [raw sql] {}
2026-07-27 21:37:24 | INFO     | sqlalchemy.engine.Engine | base.py:2718 | COMMIT
2026-07-27 21:37:32 | INFO     | root | logging_config.py:44 | Logging system initialized
2026-07-27 21:37:32 | INFO     | sqlalchemy.engine.Engine | base.py:1848 | SELECT DATABASE()
2026-07-27 21:37:32 | INFO     | sqlalchemy.engine.Engine | base.py:1848 | [raw sql] {}
2026-07-27 21:37:32 | INFO     | sqlalchemy.engine.Engine | base.py:1848 | SELECT @@sql_mode
2026-07-27 21:37:32 | INFO     | sqlalchemy.engine.Engine | base.py:1848 | [raw sql] {}
2026-07-27 21:37:32 | INFO     | sqlalchemy.engine.Engine | base.py:1848 | SELECT @@lower_case_table_names
2026-07-27 21:37:32 | INFO     | sqlalchemy.engine.Engine | base.py:1848 | [raw sql] {}
2026-07-27 21:37:32 | INFO     | sqlalchemy.engine.Engine | base.py:2712 | BEGIN (implicit)
2026-07-27 21:37:32 | INFO     | sqlalchemy.engine.Engine | base.py:1848 | DESCRIBE `product_db`.`Products`
2026-07-27 21:37:32 | INFO     | sqlalchemy.engine.Engine | base.py:1848 | [raw sql] {}
2026-07-27 21:37:32 | INFO     | sqlalchemy.engine.Engine | base.py:1848 | DESCRIBE `product_db`.`Categories`
2026-07-27 21:37:32 | INFO     | sqlalchemy.engine.Engine | base.py:1848 | [raw sql] {}
2026-07-27 21:37:32 | INFO     | sqlalchemy.engine.Engine | base.py:2718 | COMMIT
2026-07-27 21:38:54 | INFO     | root | logging_config.py:44 | Logging system initialized
2026-07-27 21:38:54 | INFO     | sqlalchemy.engine.Engine | base.py:1848 | SELECT DATABASE()
2026-07-27 21:38:54 | INFO     | sqlalchemy.engine.Engine | base.py:1848 | [raw sql] {}
2026-07-27 21:38:54 | INFO     | sqlalchemy.engine.Engine | base.py:1848 | SELECT @@sql_mode
2026-07-27 21:38:54 | INFO     | sqlalchemy.engine.Engine | base.py:1848 | [raw sql] {}
2026-07-27 21:38:54 | INFO     | sqlalchemy.engine.Engine | base.py:1848 | SELECT @@lower_case_table_names
2026-07-27 21:38:54 | INFO     | sqlalchemy.engine.Engine | base.py:1848 | [raw sql] {}
2026-07-27 21:38:54 | INFO     | sqlalchemy.engine.Engine | base.py:2712 | BEGIN (implicit)
2026-07-27 21:38:54 | INFO     | sqlalchemy.engine.Engine | base.py:1848 | DESCRIBE `product_db`.`Products`
2026-07-27 21:38:54 | INFO     | sqlalchemy.engine.Engine | base.py:1848 | [raw sql] {}
2026-07-27 21:38:54 | INFO     | sqlalchemy.engine.Engine | base.py:1848 | DESCRIBE `product_db`.`Categories`
2026-07-27 21:38:54 | INFO     | sqlalchemy.engine.Engine | base.py:1848 | [raw sql] {}
2026-07-27 21:38:54 | INFO     | sqlalchemy.engine.Engine | base.py:2718 | COMMIT
2026-07-27 21:39:31 | INFO     | app.repositories.category_repository | category_repository.py:98 | Creating category with name: Electronics
2026-07-27 21:39:31 | DEBUG    | app.repositories.category_repository | category_repository.py:107 | Category object added to SQLAlchemy session.
2026-07-27 21:39:31 | INFO     | sqlalchemy.engine.Engine | base.py:2712 | BEGIN (implicit)
2026-07-27 21:39:31 | INFO     | sqlalchemy.engine.Engine | base.py:1848 | INSERT INTO `Categories` (name) VALUES (%(name)s)
2026-07-27 21:39:31 | INFO     | sqlalchemy.engine.Engine | base.py:1848 | [generated in 0.00090s] {'name': 'Electronics'}
2026-07-27 21:39:31 | INFO     | sqlalchemy.engine.Engine | base.py:2718 | COMMIT
2026-07-27 21:39:31 | DEBUG    | app.repositories.category_repository | category_repository.py:113 | Transaction committed successfully.
2026-07-27 21:39:31 | INFO     | sqlalchemy.engine.Engine | base.py:2712 | BEGIN (implicit)
2026-07-27 21:39:31 | INFO     | sqlalchemy.engine.Engine | base.py:1848 | SELECT `Categories`.id, `Categories`.name 
FROM `Categories` 
WHERE `Categories`.id = %(pk_1)s
2026-07-27 21:39:31 | INFO     | sqlalchemy.engine.Engine | base.py:1848 | [generated in 0.00157s] {'pk_1': 1}
2026-07-27 21:39:31 | INFO     | app.repositories.category_repository | category_repository.py:119 | Category created successfully with ID 1
2026-07-27 21:39:31 | INFO     | sqlalchemy.engine.Engine | base.py:2715 | ROLLBACK
2026-07-27 21:39:46 | INFO     | app.repositories.category_repository | category_repository.py:98 | Creating category with name: Furnicher
2026-07-27 21:39:46 | DEBUG    | app.repositories.category_repository | category_repository.py:107 | Category object added to SQLAlchemy session.
2026-07-27 21:39:46 | INFO     | sqlalchemy.engine.Engine | base.py:2712 | BEGIN (implicit)
2026-07-27 21:39:46 | INFO     | sqlalchemy.engine.Engine | base.py:1848 | INSERT INTO `Categories` (name) VALUES (%(name)s)
2026-07-27 21:39:46 | INFO     | sqlalchemy.engine.Engine | base.py:1848 | [cached since 14.87s ago] {'name': 'Furnicher'}
2026-07-27 21:39:46 | INFO     | sqlalchemy.engine.Engine | base.py:2718 | COMMIT
2026-07-27 21:39:46 | DEBUG    | app.repositories.category_repository | category_repository.py:113 | Transaction committed successfully.
2026-07-27 21:39:46 | INFO     | sqlalchemy.engine.Engine | base.py:2712 | BEGIN (implicit)
2026-07-27 21:39:46 | INFO     | sqlalchemy.engine.Engine | base.py:1848 | SELECT `Categories`.id, `Categories`.name 
FROM `Categories` 
WHERE `Categories`.id = %(pk_1)s
2026-07-27 21:39:46 | INFO     | sqlalchemy.engine.Engine | base.py:1848 | [cached since 14.68s ago] {'pk_1': 2}
2026-07-27 21:39:46 | INFO     | app.repositories.category_repository | category_repository.py:119 | Category created successfully with ID 2
2026-07-27 21:39:46 | INFO     | sqlalchemy.engine.Engine | base.py:2715 | ROLLBACK
2026-07-27 21:40:00 | INFO     | app.repositories.category_repository | category_repository.py:98 | Creating category with name: Toys
2026-07-27 21:40:00 | DEBUG    | app.repositories.category_repository | category_repository.py:107 | Category object added to SQLAlchemy session.
2026-07-27 21:40:00 | INFO     | sqlalchemy.engine.Engine | base.py:2712 | BEGIN (implicit)
2026-07-27 21:40:00 | INFO     | sqlalchemy.engine.Engine | base.py:1848 | INSERT INTO `Categories` (name) VALUES (%(name)s)
2026-07-27 21:40:00 | INFO     | sqlalchemy.engine.Engine | base.py:1848 | [cached since 29.22s ago] {'name': 'Toys'}
2026-07-27 21:40:00 | INFO     | sqlalchemy.engine.Engine | base.py:2718 | COMMIT
2026-07-27 21:40:00 | DEBUG    | app.repositories.category_repository | category_repository.py:113 | Transaction committed successfully.
2026-07-27 21:40:00 | INFO     | sqlalchemy.engine.Engine | base.py:2712 | BEGIN (implicit)
2026-07-27 21:40:00 | INFO     | sqlalchemy.engine.Engine | base.py:1848 | SELECT `Categories`.id, `Categories`.name 
FROM `Categories` 
WHERE `Categories`.id = %(pk_1)s
2026-07-27 21:40:00 | INFO     | sqlalchemy.engine.Engine | base.py:1848 | [cached since 29.02s ago] {'pk_1': 3}
2026-07-27 21:40:00 | INFO     | app.repositories.category_repository | category_repository.py:119 | Category created successfully with ID 3
2026-07-27 21:40:00 | INFO     | sqlalchemy.engine.Engine | base.py:2715 | ROLLBACK
2026-07-27 21:40:49 | INFO     | app.repositories.category_repository | category_repository.py:27 | Fetching all categories from database.
2026-07-27 21:40:49 | INFO     | sqlalchemy.engine.Engine | base.py:2712 | BEGIN (implicit)
2026-07-27 21:40:49 | INFO     | sqlalchemy.engine.Engine | base.py:1848 | SELECT `Categories`.id, `Categories`.name 
FROM `Categories`
2026-07-27 21:40:49 | INFO     | sqlalchemy.engine.Engine | base.py:1848 | [generated in 0.00059s] {}
2026-07-27 21:40:49 | INFO     | app.repositories.category_repository | category_repository.py:33 | Successfully fetched 3 categories.
2026-07-27 21:40:49 | INFO     | sqlalchemy.engine.Engine | base.py:2715 | ROLLBACK
2026-07-27 21:42:26 | INFO     | app.repositories.category_repository | category_repository.py:55 | Fetching category with ID 1
2026-07-27 21:42:26 | INFO     | sqlalchemy.engine.Engine | base.py:2712 | BEGIN (implicit)
2026-07-27 21:42:26 | INFO     | sqlalchemy.engine.Engine | base.py:1848 | SELECT `Categories`.id, `Categories`.name 
FROM `Categories` 
WHERE `Categories`.id = %(id_1)s
2026-07-27 21:42:26 | INFO     | sqlalchemy.engine.Engine | base.py:1848 | [generated in 0.00064s] {'id_1': 1}
2026-07-27 21:42:26 | INFO     | app.repositories.category_repository | category_repository.py:72 | Category with ID 1 fetched successfully.
2026-07-27 21:42:26 | INFO     | sqlalchemy.engine.Engine | base.py:2715 | ROLLBACK
2026-07-27 21:42:44 | INFO     | app.repositories.category_repository | category_repository.py:165 | Updating category with ID 1
2026-07-27 21:42:44 | INFO     | app.repositories.category_repository | category_repository.py:55 | Fetching category with ID 1
2026-07-27 21:42:44 | INFO     | sqlalchemy.engine.Engine | base.py:2712 | BEGIN (implicit)
2026-07-27 21:42:44 | INFO     | sqlalchemy.engine.Engine | base.py:1848 | SELECT `Categories`.id, `Categories`.name 
FROM `Categories` 
WHERE `Categories`.id = %(id_1)s
2026-07-27 21:42:44 | INFO     | sqlalchemy.engine.Engine | base.py:1848 | [cached since 17.45s ago] {'id_1': 1}
2026-07-27 21:42:44 | INFO     | app.repositories.category_repository | category_repository.py:72 | Category with ID 1 fetched successfully.
2026-07-27 21:42:44 | INFO     | sqlalchemy.engine.Engine | base.py:2718 | COMMIT
2026-07-27 21:42:44 | INFO     | app.repositories.category_repository | category_repository.py:176 | Category with ID 1 updated successfully.
2026-07-27 21:42:44 | INFO     | sqlalchemy.engine.Engine | base.py:2712 | BEGIN (implicit)
2026-07-27 21:42:44 | INFO     | sqlalchemy.engine.Engine | base.py:1848 | SELECT `Categories`.id AS `Categories_id`, `Categories`.name AS `Categories_name` 
FROM `Categories` 
WHERE `Categories`.id = %(pk_1)s
2026-07-27 21:42:44 | INFO     | sqlalchemy.engine.Engine | base.py:1848 | [generated in 0.00066s] {'pk_1': 1}
2026-07-27 21:42:44 | INFO     | sqlalchemy.engine.Engine | base.py:2715 | ROLLBACK
2026-07-27 21:43:54 | INFO     | root | logging_config.py:44 | Logging system initialized
2026-07-27 21:43:54 | INFO     | sqlalchemy.engine.Engine | base.py:1848 | SELECT DATABASE()
2026-07-27 21:43:54 | INFO     | sqlalchemy.engine.Engine | base.py:1848 | [raw sql] {}
2026-07-27 21:43:54 | INFO     | sqlalchemy.engine.Engine | base.py:1848 | SELECT @@sql_mode
2026-07-27 21:43:54 | INFO     | sqlalchemy.engine.Engine | base.py:1848 | [raw sql] {}
2026-07-27 21:43:54 | INFO     | sqlalchemy.engine.Engine | base.py:1848 | SELECT @@lower_case_table_names
2026-07-27 21:43:54 | INFO     | sqlalchemy.engine.Engine | base.py:1848 | [raw sql] {}
2026-07-27 21:43:54 | INFO     | sqlalchemy.engine.Engine | base.py:2712 | BEGIN (implicit)
2026-07-27 21:43:54 | INFO     | sqlalchemy.engine.Engine | base.py:1848 | DESCRIBE `product_db`.`Products`
2026-07-27 21:43:54 | INFO     | sqlalchemy.engine.Engine | base.py:1848 | [raw sql] {}
2026-07-27 21:43:54 | INFO     | sqlalchemy.engine.Engine | base.py:1848 | DESCRIBE `product_db`.`Categories`
2026-07-27 21:43:54 | INFO     | sqlalchemy.engine.Engine | base.py:1848 | [raw sql] {}
2026-07-27 21:43:54 | INFO     | sqlalchemy.engine.Engine | base.py:2718 | COMMIT
2026-07-27 21:44:11 | INFO     | root | logging_config.py:44 | Logging system initialized
2026-07-27 21:44:11 | INFO     | sqlalchemy.engine.Engine | base.py:1848 | SELECT DATABASE()
2026-07-27 21:44:11 | INFO     | sqlalchemy.engine.Engine | base.py:1848 | [raw sql] {}
2026-07-27 21:44:11 | INFO     | sqlalchemy.engine.Engine | base.py:1848 | SELECT @@sql_mode
2026-07-27 21:44:11 | INFO     | sqlalchemy.engine.Engine | base.py:1848 | [raw sql] {}
2026-07-27 21:44:11 | INFO     | sqlalchemy.engine.Engine | base.py:1848 | SELECT @@lower_case_table_names
2026-07-27 21:44:11 | INFO     | sqlalchemy.engine.Engine | base.py:1848 | [raw sql] {}
2026-07-27 21:44:11 | INFO     | sqlalchemy.engine.Engine | base.py:2712 | BEGIN (implicit)
2026-07-27 21:44:11 | INFO     | sqlalchemy.engine.Engine | base.py:1848 | DESCRIBE `product_db`.`Products`
2026-07-27 21:44:11 | INFO     | sqlalchemy.engine.Engine | base.py:1848 | [raw sql] {}
2026-07-27 21:44:11 | INFO     | sqlalchemy.engine.Engine | base.py:1848 | DESCRIBE `product_db`.`Categories`
2026-07-27 21:44:11 | INFO     | sqlalchemy.engine.Engine | base.py:1848 | [raw sql] {}
2026-07-27 21:44:11 | INFO     | sqlalchemy.engine.Engine | base.py:2718 | COMMIT
2026-07-27 21:44:25 | INFO     | app.repositories.category_repository | category_repository.py:165 | Updating category with ID 2
2026-07-27 21:44:25 | INFO     | app.repositories.category_repository | category_repository.py:55 | Fetching category with ID 2
2026-07-27 21:44:25 | INFO     | sqlalchemy.engine.Engine | base.py:2712 | BEGIN (implicit)
2026-07-27 21:44:25 | INFO     | sqlalchemy.engine.Engine | base.py:1848 | SELECT `Categories`.id, `Categories`.name 
FROM `Categories` 
WHERE `Categories`.id = %(id_1)s
2026-07-27 21:44:25 | INFO     | sqlalchemy.engine.Engine | base.py:1848 | [generated in 0.00045s] {'id_1': 2}
2026-07-27 21:44:25 | INFO     | app.repositories.category_repository | category_repository.py:72 | Category with ID 2 fetched successfully.
2026-07-27 21:44:25 | INFO     | sqlalchemy.engine.Engine | base.py:1848 | UPDATE `Categories` SET name=%(name)s WHERE `Categories`.id = %(Categories_id)s
2026-07-27 21:44:25 | INFO     | sqlalchemy.engine.Engine | base.py:1848 | [generated in 0.00086s] {'name': 'abc', 'Categories_id': 2}
2026-07-27 21:44:25 | INFO     | sqlalchemy.engine.Engine | base.py:2718 | COMMIT
2026-07-27 21:44:25 | INFO     | app.repositories.category_repository | category_repository.py:176 | Category with ID 2 updated successfully.
2026-07-27 21:44:25 | INFO     | sqlalchemy.engine.Engine | base.py:2712 | BEGIN (implicit)
2026-07-27 21:44:25 | INFO     | sqlalchemy.engine.Engine | base.py:1848 | SELECT `Categories`.id AS `Categories_id`, `Categories`.name AS `Categories_name` 
FROM `Categories` 
WHERE `Categories`.id = %(pk_1)s
2026-07-27 21:44:25 | INFO     | sqlalchemy.engine.Engine | base.py:1848 | [generated in 0.00117s] {'pk_1': 2}
2026-07-27 21:44:25 | INFO     | sqlalchemy.engine.Engine | base.py:2715 | ROLLBACK
2026-07-27 21:44:51 | INFO     | app.repositories.category_repository | category_repository.py:165 | Updating category with ID 2
2026-07-27 21:44:51 | INFO     | app.repositories.category_repository | category_repository.py:55 | Fetching category with ID 2
2026-07-27 21:44:51 | INFO     | sqlalchemy.engine.Engine | base.py:2712 | BEGIN (implicit)
2026-07-27 21:44:51 | INFO     | sqlalchemy.engine.Engine | base.py:1848 | SELECT `Categories`.id, `Categories`.name 
FROM `Categories` 
WHERE `Categories`.id = %(id_1)s
2026-07-27 21:44:51 | INFO     | sqlalchemy.engine.Engine | base.py:1848 | [cached since 25.62s ago] {'id_1': 2}
2026-07-27 21:44:51 | INFO     | app.repositories.category_repository | category_repository.py:72 | Category with ID 2 fetched successfully.
2026-07-27 21:44:51 | INFO     | sqlalchemy.engine.Engine | base.py:1848 | UPDATE `Categories` SET name=%(name)s WHERE `Categories`.id = %(Categories_id)s
2026-07-27 21:44:51 | INFO     | sqlalchemy.engine.Engine | base.py:1848 | [cached since 25.62s ago] {'name': 'Toy', 'Categories_id': 2}
2026-07-27 21:44:51 | INFO     | sqlalchemy.engine.Engine | base.py:2718 | COMMIT
2026-07-27 21:44:51 | INFO     | app.repositories.category_repository | category_repository.py:176 | Category with ID 2 updated successfully.
2026-07-27 21:44:51 | INFO     | sqlalchemy.engine.Engine | base.py:2712 | BEGIN (implicit)
2026-07-27 21:44:51 | INFO     | sqlalchemy.engine.Engine | base.py:1848 | SELECT `Categories`.id AS `Categories_id`, `Categories`.name AS `Categories_name` 
FROM `Categories` 
WHERE `Categories`.id = %(pk_1)s
2026-07-27 21:44:51 | INFO     | sqlalchemy.engine.Engine | base.py:1848 | [cached since 25.6s ago] {'pk_1': 2}
2026-07-27 21:44:51 | INFO     | sqlalchemy.engine.Engine | base.py:2715 | ROLLBACK
2026-07-27 21:45:04 | INFO     | app.repositories.category_repository | category_repository.py:165 | Updating category with ID 3
2026-07-27 21:45:04 | INFO     | app.repositories.category_repository | category_repository.py:55 | Fetching category with ID 3
2026-07-27 21:45:04 | INFO     | sqlalchemy.engine.Engine | base.py:2712 | BEGIN (implicit)
2026-07-27 21:45:04 | INFO     | sqlalchemy.engine.Engine | base.py:1848 | SELECT `Categories`.id, `Categories`.name 
FROM `Categories` 
WHERE `Categories`.id = %(id_1)s
2026-07-27 21:45:04 | INFO     | sqlalchemy.engine.Engine | base.py:1848 | [cached since 39.1s ago] {'id_1': 3}
2026-07-27 21:45:04 | INFO     | app.repositories.category_repository | category_repository.py:72 | Category with ID 3 fetched successfully.
2026-07-27 21:45:04 | INFO     | sqlalchemy.engine.Engine | base.py:1848 | UPDATE `Categories` SET name=%(name)s WHERE `Categories`.id = %(Categories_id)s
2026-07-27 21:45:04 | INFO     | sqlalchemy.engine.Engine | base.py:1848 | [cached since 39.09s ago] {'name': 'Toy', 'Categories_id': 3}
2026-07-27 21:45:04 | INFO     | sqlalchemy.engine.Engine | base.py:2715 | ROLLBACK
2026-07-27 21:45:04 | WARNING  | app.repositories.category_repository | category_repository.py:192 | Category 'Toy' already exists.
2026-07-27 21:45:45 | INFO     | app.repositories.category_repository | category_repository.py:223 | Deleting category with id=5
2026-07-27 21:45:45 | INFO     | app.repositories.category_repository | category_repository.py:55 | Fetching category with ID 5
2026-07-27 21:45:45 | INFO     | sqlalchemy.engine.Engine | base.py:2712 | BEGIN (implicit)
2026-07-27 21:45:45 | INFO     | sqlalchemy.engine.Engine | base.py:1848 | SELECT `Categories`.id, `Categories`.name 
FROM `Categories` 
WHERE `Categories`.id = %(id_1)s
2026-07-27 21:45:45 | INFO     | sqlalchemy.engine.Engine | base.py:1848 | [cached since 80s ago] {'id_1': 5}
2026-07-27 21:45:45 | WARNING  | app.repositories.category_repository | category_repository.py:66 | Category with ID 5 not found.
2026-07-27 21:45:45 | ERROR    | app.repositories.category_repository | category_repository.py:87 | Unexpected error while fetching category.
Traceback (most recent call last):
  File "C:\Users\Akhilesh\Vikas_Computer_Science\software-engineering-journey\backend_engineering_projects\projects\inventory-order-management-api\app\repositories\category_repository.py", line 70, in get_category_by_id
    raise CategoryNotFoundError(category_id)
          ~~~~~~~~~~~~~~~~~~~~~^^^^^^^^^^^^^
  File "C:\Users\Akhilesh\Vikas_Computer_Science\software-engineering-journey\backend_engineering_projects\projects\inventory-order-management-api\app\exceptions\category_exceptions.py", line 9, in __init__
    status_code=status.HTTP_404_NOT_FOUNT,
                ^^^^^^^^^^^^^^^^^^^^^^^^^
  File "C:\Users\Akhilesh\Vikas_Computer_Science\software-engineering-journey\backend_engineering_projects\projects\inventory-order-management-api\venv\Lib\site-packages\starlette\status.py", line 207, in __getattr__
    raise AttributeError(f"module 'starlette.status' has no attribute '{name}'")
AttributeError: module 'starlette.status' has no attribute 'HTTP_404_NOT_FOUNT'. Did you mean: 'HTTP_404_NOT_FOUND'?
2026-07-27 21:45:45 | INFO     | sqlalchemy.engine.Engine | base.py:2715 | ROLLBACK
2026-07-27 21:45:45 | ERROR    | app.repositories.category_repository | category_repository.py:251 | Unexpected error while deleting category with id 5
Traceback (most recent call last):
  File "C:\Users\Akhilesh\Vikas_Computer_Science\software-engineering-journey\backend_engineering_projects\projects\inventory-order-management-api\app\repositories\category_repository.py", line 225, in delete_category
    category = self.get_category_by_id(category_id)
  File "C:\Users\Akhilesh\Vikas_Computer_Science\software-engineering-journey\backend_engineering_projects\projects\inventory-order-management-api\app\repositories\category_repository.py", line 70, in get_category_by_id
    raise CategoryNotFoundError(category_id)
          ~~~~~~~~~~~~~~~~~~~~~^^^^^^^^^^^^^
  File "C:\Users\Akhilesh\Vikas_Computer_Science\software-engineering-journey\backend_engineering_projects\projects\inventory-order-management-api\app\exceptions\category_exceptions.py", line 9, in __init__
    status_code=status.HTTP_404_NOT_FOUNT,
                ^^^^^^^^^^^^^^^^^^^^^^^^^
  File "C:\Users\Akhilesh\Vikas_Computer_Science\software-engineering-journey\backend_engineering_projects\projects\inventory-order-management-api\venv\Lib\site-packages\starlette\status.py", line 207, in __getattr__
    raise AttributeError(f"module 'starlette.status' has no attribute '{name}'")
AttributeError: module 'starlette.status' has no attribute 'HTTP_404_NOT_FOUNT'. Did you mean: 'HTTP_404_NOT_FOUND'?
2026-07-27 21:45:45 | ERROR    | app.handlers.global_handler | global_handler.py:10 | Unexpected error occurred
Traceback (most recent call last):
  File "C:\Users\Akhilesh\Vikas_Computer_Science\software-engineering-journey\backend_engineering_projects\projects\inventory-order-management-api\venv\Lib\site-packages\starlette\middleware\errors.py", line 164, in __call__
    await self.app(scope, receive, _send)
  File "C:\Users\Akhilesh\Vikas_Computer_Science\software-engineering-journey\backend_engineering_projects\projects\inventory-order-management-api\venv\Lib\site-packages\starlette\middleware\exceptions.py", line 63, in __call__
    await wrap_app_handling_exceptions(self.app, conn)(scope, receive, send)
  File "C:\Users\Akhilesh\Vikas_Computer_Science\software-engineering-journey\backend_engineering_projects\projects\inventory-order-management-api\venv\Lib\site-packages\starlette\_exception_handler.py", line 53, in wrapped_app
    raise exc
  File "C:\Users\Akhilesh\Vikas_Computer_Science\software-engineering-journey\backend_engineering_projects\projects\inventory-order-management-api\venv\Lib\site-packages\starlette\_exception_handler.py", line 42, in wrapped_app
    await app(scope, receive, sender)
  File "C:\Users\Akhilesh\Vikas_Computer_Science\software-engineering-journey\backend_engineering_projects\projects\inventory-order-management-api\venv\Lib\site-packages\fastapi\middleware\asyncexitstack.py", line 18, in __call__
    await self.app(scope, receive, send)
  File "C:\Users\Akhilesh\Vikas_Computer_Science\software-engineering-journey\backend_engineering_projects\projects\inventory-order-management-api\venv\Lib\site-packages\starlette\routing.py", line 660, in __call__
    await self.middleware_stack(scope, receive, send)
  File "C:\Users\Akhilesh\Vikas_Computer_Science\software-engineering-journey\backend_engineering_projects\projects\inventory-order-management-api\venv\Lib\site-packages\fastapi\routing.py", line 2683, in app
    await route.handle(scope, receive, send)
  File "C:\Users\Akhilesh\Vikas_Computer_Science\software-engineering-journey\backend_engineering_projects\projects\inventory-order-management-api\venv\Lib\site-packages\fastapi\routing.py", line 1753, in handle
    await self.original_router.handle(scope, receive, send)
  File "C:\Users\Akhilesh\Vikas_Computer_Science\software-engineering-journey\backend_engineering_projects\projects\inventory-order-management-api\venv\Lib\site-packages\fastapi\routing.py", line 2738, in handle
    await included_router._handle_selected(scope, receive, send)
  File "C:\Users\Akhilesh\Vikas_Computer_Science\software-engineering-journey\backend_engineering_projects\projects\inventory-order-management-api\venv\Lib\site-packages\fastapi\routing.py", line 1773, in _handle_selected
    await original_route.handle(scope, receive, send)
  File "C:\Users\Akhilesh\Vikas_Computer_Science\software-engineering-journey\backend_engineering_projects\projects\inventory-order-management-api\venv\Lib\site-packages\fastapi\routing.py", line 1264, in handle
    await app(scope, receive, send)
  File "C:\Users\Akhilesh\Vikas_Computer_Science\software-engineering-journey\backend_engineering_projects\projects\inventory-order-management-api\venv\Lib\site-packages\fastapi\routing.py", line 150, in app
    await wrap_app_handling_exceptions(app, request)(scope, receive, send)
  File "C:\Users\Akhilesh\Vikas_Computer_Science\software-engineering-journey\backend_engineering_projects\projects\inventory-order-management-api\venv\Lib\site-packages\starlette\_exception_handler.py", line 53, in wrapped_app
    raise exc
  File "C:\Users\Akhilesh\Vikas_Computer_Science\software-engineering-journey\backend_engineering_projects\projects\inventory-order-management-api\venv\Lib\site-packages\starlette\_exception_handler.py", line 42, in wrapped_app
    await app(scope, receive, sender)
  File "C:\Users\Akhilesh\Vikas_Computer_Science\software-engineering-journey\backend_engineering_projects\projects\inventory-order-management-api\venv\Lib\site-packages\fastapi\routing.py", line 136, in app
    response = await f(request)
               ^^^^^^^^^^^^^^^^
  File "C:\Users\Akhilesh\Vikas_Computer_Science\software-engineering-journey\backend_engineering_projects\projects\inventory-order-management-api\venv\Lib\site-packages\fastapi\routing.py", line 690, in app
    raw_response = await run_endpoint_function(
                   ^^^^^^^^^^^^^^^^^^^^^^^^^^^^
    ...<3 lines>...
    )
    ^
  File "C:\Users\Akhilesh\Vikas_Computer_Science\software-engineering-journey\backend_engineering_projects\projects\inventory-order-management-api\venv\Lib\site-packages\fastapi\routing.py", line 346, in run_endpoint_function
    return await run_in_threadpool(dependant.call, **values)
           ^^^^^^^^^^^^^^^^^^^^^^^^^^^^^^^^^^^^^^^^^^^^^^^^^
  File "C:\Users\Akhilesh\Vikas_Computer_Science\software-engineering-journey\backend_engineering_projects\projects\inventory-order-management-api\venv\Lib\site-packages\starlette\concurrency.py", line 34, in run_in_threadpool
    return await anyio.to_thread.run_sync(func)
           ^^^^^^^^^^^^^^^^^^^^^^^^^^^^^^^^^^^^
  File "C:\Users\Akhilesh\Vikas_Computer_Science\software-engineering-journey\backend_engineering_projects\projects\inventory-order-management-api\venv\Lib\site-packages\anyio\to_thread.py", line 63, in run_sync
    return await get_async_backend().run_sync_in_worker_thread(
           ^^^^^^^^^^^^^^^^^^^^^^^^^^^^^^^^^^^^^^^^^^^^^^^^^^^^
        func, args, abandon_on_cancel=abandon_on_cancel, limiter=limiter
        ^^^^^^^^^^^^^^^^^^^^^^^^^^^^^^^^^^^^^^^^^^^^^^^^^^^^^^^^^^^^^^^^
    )
    ^
  File "C:\Users\Akhilesh\Vikas_Computer_Science\software-engineering-journey\backend_engineering_projects\projects\inventory-order-management-api\venv\Lib\site-packages\anyio\_backends\_asyncio.py", line 2596, in run_sync_in_worker_thread
    return await future
           ^^^^^^^^^^^^
  File "C:\Users\Akhilesh\Vikas_Computer_Science\software-engineering-journey\backend_engineering_projects\projects\inventory-order-management-api\venv\Lib\site-packages\anyio\_backends\_asyncio.py", line 1029, in run
    result = context.run(func, *args)
  File "C:\Users\Akhilesh\Vikas_Computer_Science\software-engineering-journey\backend_engineering_projects\projects\inventory-order-management-api\app\routers\category_router.py", line 55, in delete_category
    service.delete_category(id)
    ~~~~~~~~~~~~~~~~~~~~~~~^^^^
  File "C:\Users\Akhilesh\Vikas_Computer_Science\software-engineering-journey\backend_engineering_projects\projects\inventory-order-management-api\app\services\category_service.py", line 32, in delete_category
    return self.repository.delete_category(category_id)
           ~~~~~~~~~~~~~~~~~~~~~~~~~~~~~~~^^^^^^^^^^^^^
  File "C:\Users\Akhilesh\Vikas_Computer_Science\software-engineering-journey\backend_engineering_projects\projects\inventory-order-management-api\app\repositories\category_repository.py", line 225, in delete_category
    category = self.get_category_by_id(category_id)
  File "C:\Users\Akhilesh\Vikas_Computer_Science\software-engineering-journey\backend_engineering_projects\projects\inventory-order-management-api\app\repositories\category_repository.py", line 70, in get_category_by_id
    raise CategoryNotFoundError(category_id)
          ~~~~~~~~~~~~~~~~~~~~~^^^^^^^^^^^^^
  File "C:\Users\Akhilesh\Vikas_Computer_Science\software-engineering-journey\backend_engineering_projects\projects\inventory-order-management-api\app\exceptions\category_exceptions.py", line 9, in __init__
    status_code=status.HTTP_404_NOT_FOUNT,
                ^^^^^^^^^^^^^^^^^^^^^^^^^
  File "C:\Users\Akhilesh\Vikas_Computer_Science\software-engineering-journey\backend_engineering_projects\projects\inventory-order-management-api\venv\Lib\site-packages\starlette\status.py", line 207, in __getattr__
    raise AttributeError(f"module 'starlette.status' has no attribute '{name}'")
AttributeError: module 'starlette.status' has no attribute 'HTTP_404_NOT_FOUNT'. Did you mean: 'HTTP_404_NOT_FOUND'?
2026-07-27 21:46:30 | INFO     | root | logging_config.py:44 | Logging system initialized
2026-07-27 21:46:30 | INFO     | sqlalchemy.engine.Engine | base.py:1848 | SELECT DATABASE()
2026-07-27 21:46:30 | INFO     | sqlalchemy.engine.Engine | base.py:1848 | [raw sql] {}
2026-07-27 21:46:30 | INFO     | sqlalchemy.engine.Engine | base.py:1848 | SELECT @@sql_mode
2026-07-27 21:46:30 | INFO     | sqlalchemy.engine.Engine | base.py:1848 | [raw sql] {}
2026-07-27 21:46:30 | INFO     | sqlalchemy.engine.Engine | base.py:1848 | SELECT @@lower_case_table_names
2026-07-27 21:46:30 | INFO     | sqlalchemy.engine.Engine | base.py:1848 | [raw sql] {}
2026-07-27 21:46:30 | INFO     | sqlalchemy.engine.Engine | base.py:2712 | BEGIN (implicit)
2026-07-27 21:46:30 | INFO     | sqlalchemy.engine.Engine | base.py:1848 | DESCRIBE `product_db`.`Products`
2026-07-27 21:46:30 | INFO     | sqlalchemy.engine.Engine | base.py:1848 | [raw sql] {}
2026-07-27 21:46:30 | INFO     | sqlalchemy.engine.Engine | base.py:1848 | DESCRIBE `product_db`.`Categories`
2026-07-27 21:46:30 | INFO     | sqlalchemy.engine.Engine | base.py:1848 | [raw sql] {}
2026-07-27 21:46:30 | INFO     | sqlalchemy.engine.Engine | base.py:2718 | COMMIT
2026-07-27 21:46:32 | INFO     | root | logging_config.py:44 | Logging system initialized
2026-07-27 21:46:32 | INFO     | sqlalchemy.engine.Engine | base.py:1848 | SELECT DATABASE()
2026-07-27 21:46:32 | INFO     | sqlalchemy.engine.Engine | base.py:1848 | [raw sql] {}
2026-07-27 21:46:32 | INFO     | sqlalchemy.engine.Engine | base.py:1848 | SELECT @@sql_mode
2026-07-27 21:46:32 | INFO     | sqlalchemy.engine.Engine | base.py:1848 | [raw sql] {}
2026-07-27 21:46:32 | INFO     | sqlalchemy.engine.Engine | base.py:1848 | SELECT @@lower_case_table_names
2026-07-27 21:46:32 | INFO     | sqlalchemy.engine.Engine | base.py:1848 | [raw sql] {}
2026-07-27 21:46:32 | INFO     | sqlalchemy.engine.Engine | base.py:2712 | BEGIN (implicit)
2026-07-27 21:46:32 | INFO     | sqlalchemy.engine.Engine | base.py:1848 | DESCRIBE `product_db`.`Products`
2026-07-27 21:46:32 | INFO     | sqlalchemy.engine.Engine | base.py:1848 | [raw sql] {}
2026-07-27 21:46:32 | INFO     | sqlalchemy.engine.Engine | base.py:1848 | DESCRIBE `product_db`.`Categories`
2026-07-27 21:46:32 | INFO     | sqlalchemy.engine.Engine | base.py:1848 | [raw sql] {}
2026-07-27 21:46:32 | INFO     | sqlalchemy.engine.Engine | base.py:2718 | COMMIT
2026-07-27 21:46:32 | INFO     | app.repositories.category_repository | category_repository.py:223 | Deleting category with id=5
2026-07-27 21:46:32 | INFO     | app.repositories.category_repository | category_repository.py:55 | Fetching category with ID 5
2026-07-27 21:46:32 | INFO     | sqlalchemy.engine.Engine | base.py:2712 | BEGIN (implicit)
2026-07-27 21:46:32 | INFO     | sqlalchemy.engine.Engine | base.py:1848 | SELECT `Categories`.id, `Categories`.name 
FROM `Categories` 
WHERE `Categories`.id = %(id_1)s
2026-07-27 21:46:32 | INFO     | sqlalchemy.engine.Engine | base.py:1848 | [generated in 0.00069s] {'id_1': 5}
2026-07-27 21:46:32 | WARNING  | app.repositories.category_repository | category_repository.py:66 | Category with ID 5 not found.
2026-07-27 21:46:32 | INFO     | sqlalchemy.engine.Engine | base.py:2715 | ROLLBACK
2026-07-27 21:46:59 | INFO     | app.services.product_service | product_service.py:15 | Getting all products
2026-07-27 21:46:59 | INFO     | app.repositories.product_repository | product_repository.py:22 | Fetching all products from database
2026-07-27 21:46:59 | INFO     | sqlalchemy.engine.Engine | base.py:2712 | BEGIN (implicit)
2026-07-27 21:46:59 | INFO     | sqlalchemy.engine.Engine | base.py:1848 | SELECT `Products`.id, `Products`.name, `Products`.price, `Products`.quantity, `Products`.category_id 
FROM `Products`
2026-07-27 21:46:59 | INFO     | sqlalchemy.engine.Engine | base.py:1848 | [generated in 0.00209s] {}
2026-07-27 21:46:59 | INFO     | app.services.product_service | product_service.py:17 | Product retrieved successfully
2026-07-27 21:46:59 | INFO     | sqlalchemy.engine.Engine | base.py:2715 | ROLLBACK
2026-07-27 21:47:05 | INFO     | app.services.product_service | product_service.py:21 | Getting product with ID 1
2026-07-27 21:47:05 | INFO     | app.repositories.product_repository | product_repository.py:29 | Fetching product with ID 1
2026-07-27 21:47:05 | INFO     | sqlalchemy.engine.Engine | base.py:2712 | BEGIN (implicit)
2026-07-27 21:47:05 | INFO     | sqlalchemy.engine.Engine | base.py:1848 | SELECT `Products`.id, `Products`.name, `Products`.price, `Products`.quantity, `Products`.category_id 
FROM `Products` 
WHERE `Products`.id = %(id_1)s
2026-07-27 21:47:05 | INFO     | sqlalchemy.engine.Engine | base.py:1848 | [generated in 0.00070s] {'id_1': 1}
2026-07-27 21:47:05 | WARNING  | app.repositories.product_repository | product_repository.py:35 | Product not found with ID 1
2026-07-27 21:47:05 | INFO     | sqlalchemy.engine.Engine | base.py:2715 | ROLLBACK
2026-07-27 21:47:06 | INFO     | app.services.product_service | product_service.py:21 | Getting product with ID 1
2026-07-27 21:47:06 | INFO     | app.repositories.product_repository | product_repository.py:29 | Fetching product with ID 1
2026-07-27 21:47:06 | INFO     | sqlalchemy.engine.Engine | base.py:2712 | BEGIN (implicit)
2026-07-27 21:47:06 | INFO     | sqlalchemy.engine.Engine | base.py:1848 | SELECT `Products`.id, `Products`.name, `Products`.price, `Products`.quantity, `Products`.category_id 
FROM `Products` 
WHERE `Products`.id = %(id_1)s
2026-07-27 21:47:06 | INFO     | sqlalchemy.engine.Engine | base.py:1848 | [cached since 0.8381s ago] {'id_1': 1}
2026-07-27 21:47:06 | WARNING  | app.repositories.product_repository | product_repository.py:35 | Product not found with ID 1
2026-07-27 21:47:06 | INFO     | sqlalchemy.engine.Engine | base.py:2715 | ROLLBACK
2026-07-27 21:47:17 | INFO     | app.services.product_service | product_service.py:21 | Getting product with ID 1
2026-07-27 21:47:17 | INFO     | app.repositories.product_repository | product_repository.py:29 | Fetching product with ID 1
2026-07-27 21:47:17 | INFO     | sqlalchemy.engine.Engine | base.py:2712 | BEGIN (implicit)
2026-07-27 21:47:17 | INFO     | sqlalchemy.engine.Engine | base.py:1848 | SELECT `Products`.id, `Products`.name, `Products`.price, `Products`.quantity, `Products`.category_id 
FROM `Products` 
WHERE `Products`.id = %(id_1)s
2026-07-27 21:47:17 | INFO     | sqlalchemy.engine.Engine | base.py:1848 | [cached since 11.97s ago] {'id_1': 1}
2026-07-27 21:47:17 | WARNING  | app.repositories.product_repository | product_repository.py:35 | Product not found with ID 1
2026-07-27 21:47:17 | INFO     | sqlalchemy.engine.Engine | base.py:2715 | ROLLBACK
2026-07-27 21:48:59 | INFO     | app.repositories.category_repository | category_repository.py:27 | Fetching all categories from database.
2026-07-27 21:48:59 | INFO     | sqlalchemy.engine.Engine | base.py:2712 | BEGIN (implicit)
2026-07-27 21:48:59 | INFO     | sqlalchemy.engine.Engine | base.py:1848 | SELECT `Categories`.id, `Categories`.name 
FROM `Categories`
2026-07-27 21:48:59 | INFO     | sqlalchemy.engine.Engine | base.py:1848 | [generated in 0.00113s] {}
2026-07-27 21:48:59 | INFO     | app.repositories.category_repository | category_repository.py:33 | Successfully fetched 3 categories.
2026-07-27 21:48:59 | INFO     | sqlalchemy.engine.Engine | base.py:2715 | ROLLBACK
2026-07-27 21:49:06 | INFO     | app.repositories.category_repository | category_repository.py:55 | Fetching category with ID 2
2026-07-27 21:49:06 | INFO     | sqlalchemy.engine.Engine | base.py:2712 | BEGIN (implicit)
2026-07-27 21:49:06 | INFO     | sqlalchemy.engine.Engine | base.py:1848 | SELECT `Categories`.id, `Categories`.name 
FROM `Categories` 
WHERE `Categories`.id = %(id_1)s
2026-07-27 21:49:06 | INFO     | sqlalchemy.engine.Engine | base.py:1848 | [cached since 153.6s ago] {'id_1': 2}
2026-07-27 21:49:06 | INFO     | app.repositories.category_repository | category_repository.py:72 | Category with ID 2 fetched successfully.
2026-07-27 21:49:06 | INFO     | sqlalchemy.engine.Engine | base.py:2715 | ROLLBACK
2026-07-27 21:49:12 | INFO     | app.repositories.category_repository | category_repository.py:55 | Fetching category with ID 6
2026-07-27 21:49:12 | INFO     | sqlalchemy.engine.Engine | base.py:2712 | BEGIN (implicit)
2026-07-27 21:49:12 | INFO     | sqlalchemy.engine.Engine | base.py:1848 | SELECT `Categories`.id, `Categories`.name 
FROM `Categories` 
WHERE `Categories`.id = %(id_1)s
2026-07-27 21:49:12 | INFO     | sqlalchemy.engine.Engine | base.py:1848 | [cached since 159.5s ago] {'id_1': 6}
2026-07-27 21:49:12 | WARNING  | app.repositories.category_repository | category_repository.py:66 | Category with ID 6 not found.
2026-07-27 21:49:12 | INFO     | sqlalchemy.engine.Engine | base.py:2715 | ROLLBACK
2026-07-27 21:50:28 | INFO     | app.repositories.category_repository | category_repository.py:223 | Deleting category with id=3
2026-07-27 21:50:28 | INFO     | app.repositories.category_repository | category_repository.py:55 | Fetching category with ID 3
2026-07-27 21:50:28 | INFO     | sqlalchemy.engine.Engine | base.py:2712 | BEGIN (implicit)
2026-07-27 21:50:28 | INFO     | sqlalchemy.engine.Engine | base.py:1848 | SELECT `Categories`.id, `Categories`.name 
FROM `Categories` 
WHERE `Categories`.id = %(id_1)s
2026-07-27 21:50:28 | INFO     | sqlalchemy.engine.Engine | base.py:1848 | [cached since 235.6s ago] {'id_1': 3}
2026-07-27 21:50:28 | INFO     | app.repositories.category_repository | category_repository.py:72 | Category with ID 3 fetched successfully.
2026-07-27 21:50:28 | INFO     | sqlalchemy.engine.Engine | base.py:1848 | SELECT `Products`.id AS `Products_id`, `Products`.name AS `Products_name`, `Products`.price AS `Products_price`, `Products`.quantity AS `Products_quantity`, `Products`.category_id AS `Products_category_id` 
FROM `Products` 
WHERE %(param_1)s = `Products`.category_id
2026-07-27 21:50:28 | INFO     | sqlalchemy.engine.Engine | base.py:1848 | [generated in 0.00068s] {'param_1': 3}
2026-07-27 21:50:28 | INFO     | sqlalchemy.engine.Engine | base.py:1848 | DELETE FROM `Categories` WHERE `Categories`.id = %(id)s
2026-07-27 21:50:28 | INFO     | sqlalchemy.engine.Engine | base.py:1848 | [generated in 0.00075s] {'id': 3}
2026-07-27 21:50:28 | INFO     | sqlalchemy.engine.Engine | base.py:2718 | COMMIT
2026-07-27 21:50:28 | INFO     | app.repositories.category_repository | category_repository.py:230 | Deleted category with id  3 successfully.
2026-07-27 21:50:28 | ERROR    | app.handlers.global_handler | global_handler.py:10 | Unexpected error occurred
Traceback (most recent call last):
  File "C:\Users\Akhilesh\Vikas_Computer_Science\software-engineering-journey\backend_engineering_projects\projects\inventory-order-management-api\venv\Lib\site-packages\starlette\middleware\errors.py", line 164, in __call__
    await self.app(scope, receive, _send)
  File "C:\Users\Akhilesh\Vikas_Computer_Science\software-engineering-journey\backend_engineering_projects\projects\inventory-order-management-api\venv\Lib\site-packages\starlette\middleware\exceptions.py", line 63, in __call__
    await wrap_app_handling_exceptions(self.app, conn)(scope, receive, send)
  File "C:\Users\Akhilesh\Vikas_Computer_Science\software-engineering-journey\backend_engineering_projects\projects\inventory-order-management-api\venv\Lib\site-packages\starlette\_exception_handler.py", line 53, in wrapped_app
    raise exc
  File "C:\Users\Akhilesh\Vikas_Computer_Science\software-engineering-journey\backend_engineering_projects\projects\inventory-order-management-api\venv\Lib\site-packages\starlette\_exception_handler.py", line 42, in wrapped_app
    await app(scope, receive, sender)
  File "C:\Users\Akhilesh\Vikas_Computer_Science\software-engineering-journey\backend_engineering_projects\projects\inventory-order-management-api\venv\Lib\site-packages\fastapi\middleware\asyncexitstack.py", line 18, in __call__
    await self.app(scope, receive, send)
  File "C:\Users\Akhilesh\Vikas_Computer_Science\software-engineering-journey\backend_engineering_projects\projects\inventory-order-management-api\venv\Lib\site-packages\starlette\routing.py", line 660, in __call__
    await self.middleware_stack(scope, receive, send)
  File "C:\Users\Akhilesh\Vikas_Computer_Science\software-engineering-journey\backend_engineering_projects\projects\inventory-order-management-api\venv\Lib\site-packages\fastapi\routing.py", line 2683, in app
    await route.handle(scope, receive, send)
  File "C:\Users\Akhilesh\Vikas_Computer_Science\software-engineering-journey\backend_engineering_projects\projects\inventory-order-management-api\venv\Lib\site-packages\fastapi\routing.py", line 1753, in handle
    await self.original_router.handle(scope, receive, send)
  File "C:\Users\Akhilesh\Vikas_Computer_Science\software-engineering-journey\backend_engineering_projects\projects\inventory-order-management-api\venv\Lib\site-packages\fastapi\routing.py", line 2738, in handle
    await included_router._handle_selected(scope, receive, send)
  File "C:\Users\Akhilesh\Vikas_Computer_Science\software-engineering-journey\backend_engineering_projects\projects\inventory-order-management-api\venv\Lib\site-packages\fastapi\routing.py", line 1773, in _handle_selected
    await original_route.handle(scope, receive, send)
  File "C:\Users\Akhilesh\Vikas_Computer_Science\software-engineering-journey\backend_engineering_projects\projects\inventory-order-management-api\venv\Lib\site-packages\fastapi\routing.py", line 1264, in handle
    await app(scope, receive, send)
  File "C:\Users\Akhilesh\Vikas_Computer_Science\software-engineering-journey\backend_engineering_projects\projects\inventory-order-management-api\venv\Lib\site-packages\fastapi\routing.py", line 150, in app
    await wrap_app_handling_exceptions(app, request)(scope, receive, send)
  File "C:\Users\Akhilesh\Vikas_Computer_Science\software-engineering-journey\backend_engineering_projects\projects\inventory-order-management-api\venv\Lib\site-packages\starlette\_exception_handler.py", line 53, in wrapped_app
    raise exc
  File "C:\Users\Akhilesh\Vikas_Computer_Science\software-engineering-journey\backend_engineering_projects\projects\inventory-order-management-api\venv\Lib\site-packages\starlette\_exception_handler.py", line 42, in wrapped_app
    await app(scope, receive, sender)
  File "C:\Users\Akhilesh\Vikas_Computer_Science\software-engineering-journey\backend_engineering_projects\projects\inventory-order-management-api\venv\Lib\site-packages\fastapi\routing.py", line 136, in app
    response = await f(request)
               ^^^^^^^^^^^^^^^^
  File "C:\Users\Akhilesh\Vikas_Computer_Science\software-engineering-journey\backend_engineering_projects\projects\inventory-order-management-api\venv\Lib\site-packages\fastapi\routing.py", line 711, in app
    content = await serialize_response(
              ^^^^^^^^^^^^^^^^^^^^^^^^^
    ...<11 lines>...
    )
    ^
  File "C:\Users\Akhilesh\Vikas_Computer_Science\software-engineering-journey\backend_engineering_projects\projects\inventory-order-management-api\venv\Lib\site-packages\fastapi\routing.py", line 316, in serialize_response
    raise ResponseValidationError(
    ...<3 lines>...
    )
fastapi.exceptions.ResponseValidationError: 2 validation errors:
  {'type': 'missing', 'loc': ('response', 'name'), 'msg': 'Field required', 'input': {'success': True, 'message': 'Category deleted successfully'}}
  {'type': 'missing', 'loc': ('response', 'id'), 'msg': 'Field required', 'input': {'success': True, 'message': 'Category deleted successfully'}}

  File "C:\Users\Akhilesh\Vikas_Computer_Science\software-engineering-journey\backend_engineering_projects\projects\inventory-order-management-api\app\routers\category_router.py", line 52, in delete_category
    DELETE /categories/{id}
2026-07-27 21:50:53 | INFO     | root | logging_config.py:44 | Logging system initialized
2026-07-27 21:50:53 | INFO     | sqlalchemy.engine.Engine | base.py:1848 | SELECT DATABASE()
2026-07-27 21:50:53 | INFO     | sqlalchemy.engine.Engine | base.py:1848 | [raw sql] {}
2026-07-27 21:50:53 | INFO     | sqlalchemy.engine.Engine | base.py:1848 | SELECT @@sql_mode
2026-07-27 21:50:53 | INFO     | sqlalchemy.engine.Engine | base.py:1848 | [raw sql] {}
2026-07-27 21:50:53 | INFO     | sqlalchemy.engine.Engine | base.py:1848 | SELECT @@lower_case_table_names
2026-07-27 21:50:53 | INFO     | sqlalchemy.engine.Engine | base.py:1848 | [raw sql] {}
2026-07-27 21:50:53 | INFO     | sqlalchemy.engine.Engine | base.py:2712 | BEGIN (implicit)
2026-07-27 21:50:53 | INFO     | sqlalchemy.engine.Engine | base.py:1848 | DESCRIBE `product_db`.`Products`
2026-07-27 21:50:53 | INFO     | sqlalchemy.engine.Engine | base.py:1848 | [raw sql] {}
2026-07-27 21:50:53 | INFO     | sqlalchemy.engine.Engine | base.py:1848 | DESCRIBE `product_db`.`Categories`
2026-07-27 21:50:53 | INFO     | sqlalchemy.engine.Engine | base.py:1848 | [raw sql] {}
2026-07-27 21:50:54 | INFO     | sqlalchemy.engine.Engine | base.py:2718 | COMMIT
2026-07-27 21:50:54 | INFO     | app.repositories.category_repository | category_repository.py:223 | Deleting category with id=3
2026-07-27 21:50:54 | INFO     | app.repositories.category_repository | category_repository.py:55 | Fetching category with ID 3
2026-07-27 21:50:54 | INFO     | sqlalchemy.engine.Engine | base.py:2712 | BEGIN (implicit)
2026-07-27 21:50:54 | INFO     | sqlalchemy.engine.Engine | base.py:1848 | SELECT `Categories`.id, `Categories`.name 
FROM `Categories` 
WHERE `Categories`.id = %(id_1)s
2026-07-27 21:50:54 | INFO     | sqlalchemy.engine.Engine | base.py:1848 | [generated in 0.00055s] {'id_1': 3}
2026-07-27 21:50:54 | WARNING  | app.repositories.category_repository | category_repository.py:66 | Category with ID 3 not found.
2026-07-27 21:50:54 | INFO     | sqlalchemy.engine.Engine | base.py:2715 | ROLLBACK
2026-07-27 21:50:57 | INFO     | app.repositories.category_repository | category_repository.py:223 | Deleting category with id=3
2026-07-27 21:50:57 | INFO     | app.repositories.category_repository | category_repository.py:55 | Fetching category with ID 3
2026-07-27 21:50:57 | INFO     | sqlalchemy.engine.Engine | base.py:2712 | BEGIN (implicit)
2026-07-27 21:50:57 | INFO     | sqlalchemy.engine.Engine | base.py:1848 | SELECT `Categories`.id, `Categories`.name 
FROM `Categories` 
WHERE `Categories`.id = %(id_1)s
2026-07-27 21:50:57 | INFO     | sqlalchemy.engine.Engine | base.py:1848 | [cached since 3.154s ago] {'id_1': 3}
2026-07-27 21:50:57 | WARNING  | app.repositories.category_repository | category_repository.py:66 | Category with ID 3 not found.
2026-07-27 21:50:57 | INFO     | sqlalchemy.engine.Engine | base.py:2715 | ROLLBACK
2026-07-27 21:51:03 | INFO     | app.repositories.category_repository | category_repository.py:223 | Deleting category with id=2
2026-07-27 21:51:03 | INFO     | app.repositories.category_repository | category_repository.py:55 | Fetching category with ID 2
2026-07-27 21:51:03 | INFO     | sqlalchemy.engine.Engine | base.py:2712 | BEGIN (implicit)
2026-07-27 21:51:03 | INFO     | sqlalchemy.engine.Engine | base.py:1848 | SELECT `Categories`.id, `Categories`.name 
FROM `Categories` 
WHERE `Categories`.id = %(id_1)s
2026-07-27 21:51:03 | INFO     | sqlalchemy.engine.Engine | base.py:1848 | [cached since 9.009s ago] {'id_1': 2}
2026-07-27 21:51:03 | INFO     | app.repositories.category_repository | category_repository.py:72 | Category with ID 2 fetched successfully.
2026-07-27 21:51:03 | INFO     | sqlalchemy.engine.Engine | base.py:1848 | SELECT `Products`.id AS `Products_id`, `Products`.name AS `Products_name`, `Products`.price AS `Products_price`, `Products`.quantity AS `Products_quantity`, `Products`.category_id AS `Products_category_id` 
FROM `Products` 
WHERE %(param_1)s = `Products`.category_id
2026-07-27 21:51:03 | INFO     | sqlalchemy.engine.Engine | base.py:1848 | [generated in 0.00047s] {'param_1': 2}
2026-07-27 21:51:03 | INFO     | sqlalchemy.engine.Engine | base.py:1848 | DELETE FROM `Categories` WHERE `Categories`.id = %(id)s
2026-07-27 21:51:03 | INFO     | sqlalchemy.engine.Engine | base.py:1848 | [generated in 0.00054s] {'id': 2}
2026-07-27 21:51:03 | INFO     | sqlalchemy.engine.Engine | base.py:2718 | COMMIT
2026-07-27 21:51:03 | INFO     | app.repositories.category_repository | category_repository.py:230 | Deleted category with id  2 successfully.
2026-07-27 21:53:19 | INFO     | root | logging_config.py:44 | Logging system initialized
2026-07-27 21:53:19 | INFO     | sqlalchemy.engine.Engine | base.py:1848 | SELECT DATABASE()
2026-07-27 21:53:19 | INFO     | sqlalchemy.engine.Engine | base.py:1848 | [raw sql] {}
2026-07-27 21:53:19 | INFO     | sqlalchemy.engine.Engine | base.py:1848 | SELECT @@sql_mode
2026-07-27 21:53:19 | INFO     | sqlalchemy.engine.Engine | base.py:1848 | [raw sql] {}
2026-07-27 21:53:19 | INFO     | sqlalchemy.engine.Engine | base.py:1848 | SELECT @@lower_case_table_names
2026-07-27 21:53:19 | INFO     | sqlalchemy.engine.Engine | base.py:1848 | [raw sql] {}
2026-07-27 21:53:19 | INFO     | sqlalchemy.engine.Engine | base.py:2712 | BEGIN (implicit)
2026-07-27 21:53:19 | INFO     | sqlalchemy.engine.Engine | base.py:1848 | DESCRIBE `product_db`.`Products`
2026-07-27 21:53:19 | INFO     | sqlalchemy.engine.Engine | base.py:1848 | [raw sql] {}
2026-07-27 21:53:19 | INFO     | sqlalchemy.engine.Engine | base.py:1848 | DESCRIBE `product_db`.`Categories`
2026-07-27 21:53:19 | INFO     | sqlalchemy.engine.Engine | base.py:1848 | [raw sql] {}
2026-07-27 21:53:19 | INFO     | sqlalchemy.engine.Engine | base.py:2718 | COMMIT
2026-07-27 21:53:52 | INFO     | root | logging_config.py:44 | Logging system initialized
2026-07-27 21:53:52 | INFO     | sqlalchemy.engine.Engine | base.py:1848 | SELECT DATABASE()
2026-07-27 21:53:52 | INFO     | sqlalchemy.engine.Engine | base.py:1848 | [raw sql] {}
2026-07-27 21:53:52 | INFO     | sqlalchemy.engine.Engine | base.py:1848 | SELECT @@sql_mode
2026-07-27 21:53:52 | INFO     | sqlalchemy.engine.Engine | base.py:1848 | [raw sql] {}
2026-07-27 21:53:52 | INFO     | sqlalchemy.engine.Engine | base.py:1848 | SELECT @@lower_case_table_names
2026-07-27 21:53:52 | INFO     | sqlalchemy.engine.Engine | base.py:1848 | [raw sql] {}
2026-07-27 21:53:52 | INFO     | sqlalchemy.engine.Engine | base.py:2712 | BEGIN (implicit)
2026-07-27 21:53:52 | INFO     | sqlalchemy.engine.Engine | base.py:1848 | DESCRIBE `product_db`.`Products`
2026-07-27 21:53:52 | INFO     | sqlalchemy.engine.Engine | base.py:1848 | [raw sql] {}
2026-07-27 21:53:52 | INFO     | sqlalchemy.engine.Engine | base.py:1848 | DESCRIBE `product_db`.`Categories`
2026-07-27 21:53:52 | INFO     | sqlalchemy.engine.Engine | base.py:1848 | [raw sql] {}
2026-07-27 21:53:52 | INFO     | sqlalchemy.engine.Engine | base.py:2718 | COMMIT
2026-07-27 21:54:15 | INFO     | root | logging_config.py:44 | Logging system initialized
2026-07-27 21:54:15 | INFO     | sqlalchemy.engine.Engine | base.py:1848 | SELECT DATABASE()
2026-07-27 21:54:15 | INFO     | sqlalchemy.engine.Engine | base.py:1848 | [raw sql] {}
2026-07-27 21:54:15 | INFO     | sqlalchemy.engine.Engine | base.py:1848 | SELECT @@sql_mode
2026-07-27 21:54:15 | INFO     | sqlalchemy.engine.Engine | base.py:1848 | [raw sql] {}
2026-07-27 21:54:15 | INFO     | sqlalchemy.engine.Engine | base.py:1848 | SELECT @@lower_case_table_names
2026-07-27 21:54:15 | INFO     | sqlalchemy.engine.Engine | base.py:1848 | [raw sql] {}
2026-07-27 21:54:15 | INFO     | sqlalchemy.engine.Engine | base.py:2712 | BEGIN (implicit)
2026-07-27 21:54:15 | INFO     | sqlalchemy.engine.Engine | base.py:1848 | DESCRIBE `product_db`.`Products`
2026-07-27 21:54:15 | INFO     | sqlalchemy.engine.Engine | base.py:1848 | [raw sql] {}
2026-07-27 21:54:15 | INFO     | sqlalchemy.engine.Engine | base.py:1848 | DESCRIBE `product_db`.`Categories`
2026-07-27 21:54:15 | INFO     | sqlalchemy.engine.Engine | base.py:1848 | [raw sql] {}
2026-07-27 21:54:15 | INFO     | sqlalchemy.engine.Engine | base.py:2718 | COMMIT
2026-07-27 21:54:17 | INFO     | root | logging_config.py:44 | Logging system initialized
2026-07-27 21:54:17 | INFO     | sqlalchemy.engine.Engine | base.py:1848 | SELECT DATABASE()
2026-07-27 21:54:17 | INFO     | sqlalchemy.engine.Engine | base.py:1848 | [raw sql] {}
2026-07-27 21:54:17 | INFO     | sqlalchemy.engine.Engine | base.py:1848 | SELECT @@sql_mode
2026-07-27 21:54:17 | INFO     | sqlalchemy.engine.Engine | base.py:1848 | [raw sql] {}
2026-07-27 21:54:17 | INFO     | sqlalchemy.engine.Engine | base.py:1848 | SELECT @@lower_case_table_names
2026-07-27 21:54:17 | INFO     | sqlalchemy.engine.Engine | base.py:1848 | [raw sql] {}
2026-07-27 21:54:17 | INFO     | sqlalchemy.engine.Engine | base.py:2712 | BEGIN (implicit)
2026-07-27 21:54:17 | INFO     | sqlalchemy.engine.Engine | base.py:1848 | DESCRIBE `product_db`.`Products`
2026-07-27 21:54:17 | INFO     | sqlalchemy.engine.Engine | base.py:1848 | [raw sql] {}
2026-07-27 21:54:17 | INFO     | sqlalchemy.engine.Engine | base.py:1848 | DESCRIBE `product_db`.`Categories`
2026-07-27 21:54:17 | INFO     | sqlalchemy.engine.Engine | base.py:1848 | [raw sql] {}
2026-07-27 21:54:17 | INFO     | sqlalchemy.engine.Engine | base.py:2718 | COMMIT
2026-07-27 21:54:38 | INFO     | root | logging_config.py:44 | Logging system initialized
2026-07-27 21:54:38 | INFO     | sqlalchemy.engine.Engine | base.py:1848 | SELECT DATABASE()
2026-07-27 21:54:38 | INFO     | sqlalchemy.engine.Engine | base.py:1848 | [raw sql] {}
2026-07-27 21:54:38 | INFO     | sqlalchemy.engine.Engine | base.py:1848 | SELECT @@sql_mode
2026-07-27 21:54:38 | INFO     | sqlalchemy.engine.Engine | base.py:1848 | [raw sql] {}
2026-07-27 21:54:38 | INFO     | sqlalchemy.engine.Engine | base.py:1848 | SELECT @@lower_case_table_names
2026-07-27 21:54:38 | INFO     | sqlalchemy.engine.Engine | base.py:1848 | [raw sql] {}
2026-07-27 21:54:38 | INFO     | sqlalchemy.engine.Engine | base.py:2712 | BEGIN (implicit)
2026-07-27 21:54:38 | INFO     | sqlalchemy.engine.Engine | base.py:1848 | DESCRIBE `product_db`.`Products`
2026-07-27 21:54:38 | INFO     | sqlalchemy.engine.Engine | base.py:1848 | [raw sql] {}
2026-07-27 21:54:38 | INFO     | sqlalchemy.engine.Engine | base.py:1848 | DESCRIBE `product_db`.`Categories`
2026-07-27 21:54:38 | INFO     | sqlalchemy.engine.Engine | base.py:1848 | [raw sql] {}
2026-07-27 21:54:38 | INFO     | sqlalchemy.engine.Engine | base.py:2718 | COMMIT
2026-07-27 21:56:21 | INFO     | root | logging_config.py:44 | Logging system initialized
2026-07-27 21:56:21 | INFO     | sqlalchemy.engine.Engine | base.py:1848 | SELECT DATABASE()
2026-07-27 21:56:21 | INFO     | sqlalchemy.engine.Engine | base.py:1848 | [raw sql] {}
2026-07-27 21:56:21 | INFO     | sqlalchemy.engine.Engine | base.py:1848 | SELECT @@sql_mode
2026-07-27 21:56:21 | INFO     | sqlalchemy.engine.Engine | base.py:1848 | [raw sql] {}
2026-07-27 21:56:21 | INFO     | sqlalchemy.engine.Engine | base.py:1848 | SELECT @@lower_case_table_names
2026-07-27 21:56:21 | INFO     | sqlalchemy.engine.Engine | base.py:1848 | [raw sql] {}
2026-07-27 21:56:21 | INFO     | sqlalchemy.engine.Engine | base.py:2712 | BEGIN (implicit)
2026-07-27 21:56:21 | INFO     | sqlalchemy.engine.Engine | base.py:1848 | DESCRIBE `product_db`.`Products`
2026-07-27 21:56:21 | INFO     | sqlalchemy.engine.Engine | base.py:1848 | [raw sql] {}
2026-07-27 21:56:21 | INFO     | sqlalchemy.engine.Engine | base.py:1848 | DESCRIBE `product_db`.`Categories`
2026-07-27 21:56:21 | INFO     | sqlalchemy.engine.Engine | base.py:1848 | [raw sql] {}
2026-07-27 21:56:21 | INFO     | sqlalchemy.engine.Engine | base.py:2718 | COMMIT
